一,一
丁,一弓
七,十山
下,一卜
丌,一中
丈,十大
万,一尸
三,一一一
上,卜一
丐,一卜女尸
丏,一中女尸
与,卜尸一
不,一火
丑,弓土
丙,一人月
世,心廿
丘,人一
丕,一火一
且,月一
丞,弓水一
丟,竹土戈
並,廿廿金
丫,金中
丰,手十
中,中
丱,女中中中一
串,中中
丳,中中田田
褁,田木竹女
丸,大弓戈
丹,月卜
主,卜土
丼,廿廿戈
乂,大
乃,弓竹尸
么,竹戈
乇,竹心
久,弓人
之,戈弓人
乎,竹火木
乏,竹戈弓人
乍,竹尸
乒,人一竹
乓,人一戈
乖,竹十中心
乘,竹木中心
乙,弓山
乜,心弓
九,大弓
乞,人弓
也,心木
丮,弓手
乩,卜口山
乳,月木山
乾,十十人弓
乿,月火山
亂,月月山
亄,土廿山
亃,火手山
了,弓弓
予,弓戈弓弓
事,十中中弓
二,一一
亍,一一弓
于,一木
井,廿廿
互,一女弓一
云,一一戈
五,一木一
亓,一一中
亙,一月一
些,卜心一一
亟,一水一
亞,一中中一
亡,卜女
亢,卜竹弓
亥,卜女竹人
交,卜金大
亦,卜中弓金
亨,卜口弓弓
京,卜口火
享,卜口弓木
亮,卜口月山
亭,卜口月弓
亳,卜口月心
亶,卜田口一
亹,卜竹月一
人,人
今,人戈弓
什,人十
仁,人一一
介,人中中
仃,人一弓
仈,人金
仂,人大尸
仇,人大弓
仄,一人
仆,人卜
仍,人弓竹尸
仉,人竹弓
仗,人十大
仨,人一一一
他,人心木
仡,人人弓
仔,人弓木
仜,人一
仚,人山
令,人戈弓戈
付,人木戈
以,女戈人
仩,人卜一
仝,人一
代,人戈心
仕,人土
仙,人山
仟,人竹十
仞,人尸竹戈
伍,人一木一
伕,人手人
伢,人一女竹
伒,人竹一中
仿,人卜竹尸
伙,人火
伐,人戈
伈,人心
仳,人心心
件,人竹手
价,人人中中
伎,人十水
仵,人人十
伉,人卜竹弓
伀,人金戈
伔,人月竹山
伝,人一一戈
伂,人十月
伅,人心山
伓,人一火
伬,人尸人
伄,人弓中
仴,人月
伋,人弓竹水
优,人戈大山
仱,人人戈弓
伊,人尸大
任,人竹土
仲,人中
仰,人竹女中
休,人木
伏,人戈大
份,人金尸竹
企,人卜中一
佣,人月手
佁,人戈口
伾,人一火一
余,人一木
佑,人大口
佘,人一一火
伽,人大尸口
佒,人中月大
佧,人卜一卜
佝,人心口
伶,人人戈戈
估,人十口
佢,人尸尸
何,人一弓口
佤,人一女弓
佞,人一一女
你,人弓火
伭,人卜女戈
佚,人竹手人
伸,人中田中
佉,人土戈
佐,人大一
佖,人心竹
作,人竹尸
佇,人十一弓
佡,人人山
伿,人口金
佈,人大中月
住,人卜土
伻,人一火十
伺,人尸一口
佔,人卜口
似,人女戈人
伴,人火手
位,人卜廿
但,人日一
佗,人十心
伯,人竹日
体,人木一
佛,人中中弓
佃,人田
佟,人竹水卜
低,人竹心一
伳,人心廿
侉,人大一尸
佰,人一日
佽,人戈一人
佯,人廿手
侖,人一月廿
着,廿手月山
侀,人一廿弓
佷,人日女
佾,人金月
來,木人人
佌,人卜一心
侈,人弓戈弓
侃,人口竹山
佫,人竹水口
佮,人人一口
併,人廿廿
侇,人大弓
侕,人一月中
侒,人十女
侞,人女口
侘,人十竹心
佴,人尸十
侏,人竹十木
依,人卜竹女
例,人一弓弓
侐,人竹月廿
佳,人土土
侜,人竹月卜
侄,人一戈土
佼,人卜金大
侚,人心日
侑,人大月
侗,人月一口
佩,人竹弓月
佪,人田口
佺,人人一土
佶,人土口
侁,人竹土山
侂,人戈竹心
侅,人卜女人
侍,人土木戈
佹,人弓一山
佸,人竹十口
佬,人十大心
供,人廿金
使,人十中大
侔,人戈竹手
佻,人中一人
俐,人竹木弓
侹,人弓大土
俑,人弓戈月
俬,人竹木戈
信,人卜一口
俁,人口女大
俞,人一月弓
俀,人月女
侻,人金口山
俜,人中田尸
俍,人戈日女
俚,人田土
俗,人金人口
侮,人人田卜
俎,人人月一
俟,人戈人大
俊,人戈金水
俉,人一一口
俅,人戈十水
侺,人山人弓
俄,人竹手戈
侲,人一一女
俖,人一火口
侶,人口竹口
俇,人大竹土
侳,人人人土
俋,人口日山
俘,人月弓木
促,人口卜人
俙,人大大月
侷,人尸尸口
侯,人弓一大
係,人竹女火
俛,人弓日山
俠,人大人人
俓,人一女一
俏,人火月
侵,人尸一水
便,人一中大
俔,人月山山
保,人口木
倪,人竹難山
修,人中人竹
倌,人十口口
俾,人竹竹十
倠,人人土
俸,人手大手
倎,人廿月金
倩,人手一月
俯,人戈人戈
俱,人月一金
倍,人卜廿口
倞,人卜口火
倨,人尸十口
倡,人日日
倷,人大一火
個,人田十口
俳,人中一卜
倗,人月月
們,人日弓
倰,人土金水
倱,人日心心
借,人廿日
倉,人戈日口
倀,人尸一女
倬,人卜日十
倳,人十中弓
倧,人十一火
值,人十月一
倢,人十中人
倅,人卜人十
俵,人手一女
俶,人卜火水
倭,人竹木女
倓,人火火
倜,人月土口
倯,人木金戈
倣,人卜尸大
倵,人一心一
俷,人月日山
倘,人火月口
倒,人一土弓
俴,人戈戈
倫,人人一月
倚,人大一口
俺,人大中山
倔,人尸山山
倇,人十弓山
倦,人火手山
倥,人十金一
倆,人一中月
倛,人廿一金
倖,人土廿十
候,人中弓大
偉,人木一手
假,人口卜水
偍,人日一人
偵,人卜月金
偕,人心心日
偈,人日心女
偯,人卜口女
偢,人竹木火
偁,人月土月
做,人十口大
偫,人竹人戈
偷,人人一弓
倕,人竹十一
偟,人竹日土
偰,人手竹大
偎,人田一女
側,人月金弓
倏,人中人大
偩,人弓月金
偳,人山一月
偌,人廿大口
停,人卜口弓
偲,人田心
偊,人竹中月
偡,人廿一女
偠,人一田女
偶,人田中月
偛,人竹十難
偽,人戈大火
偅,人竹十土
偣,人卜廿日
偮,人口尸十
偗,人火竹山
偑,人竹弓戈
偞,人心廿木
偭,人一田中
偀,人廿中大
偃,人尸日女
偋,人尸廿廿
偆,人手大日
偓,人尸一土
偏,人竹尸月
偤,人廿金田
健,人弓大手
偝,人中心月
偺,人竹人日
偪,人一口田
偨,人卜心木
傋,人廿廿月
傇,人廿尸十
傀,人竹戈
傎,人十月金
傔,人廿難金
傞,人廿手一
傍,人卜月尸
傣,人手大水
傜,人月人山
傂,人竹卜山
傖,人人戈口
傛,人十金口
備,人廿竹月
傝,人日尸一
傅,人戈月戈
傢,人十一人
傘,人人人十
傃,人手一火
傚,人卜大大
傑,人弓手木
傒,人月女大
傌,人尸手火
傕,人人月土
傽,人卜廿十
僅,人廿中一
傺,人月人火
僆,人卜十十
傸,人大大大
僈,人日田水
傮,人廿田日
僊,人一田山
僇,人尸一竹
僉,人一口人
傴,人尸口口
傲,人土尸大
傿,人一卜火
傭,人戈中月
傶,人戈竹火
催,人山人土
傰,人山月月
僁,人竹木心
傯,人竹田心
僄,人一田火
傳,人十戈戈
傻,人竹金水
傷,人人日竹
傾,人心一金
僋,人人戈金
債,人手一金
傱,人竹人人
僂,人中田女
僱,人竹尸土
僔,人廿田戈
僓,人中一金
僖,人土口口
僠,人竹木田
僳,人一田木
僣,人手人日
僯,人火木手
僕,人廿金人
僚,人大金火
僰,木月人
僮,人卜廿土
僗,人火火尸
僪,人弓竹月
僑,人竹大月
僥,人土土山
僨,人十廿金
僤,人口口十
僭,人一山日
僩,人日弓月
僧,人金田日
僛,人廿金人
僬,人人土火
僎,人口山金
僦,人卜火山
僝,人尸弓木
像,人弓日人
儂,人廿田女
僾,人月月水
儊,人木木人
僶,人口難山
儃,人卜田一
儅,人火月田
儌,人竹尸大
僵,人一田一
儈,人人一日
僿,人十廿土
儋,人弓金口
僽,人竹火心
儇,人田中女
價,人一田金
億,人卜廿心
儆,人廿口大
僸,人木木火
儀,人廿土戈
僻,人尸口十
儉,人人一人
儔,人土弓戈
儗,人心大人
儘,人中一廿
儚,人廿田弓
儑,人日女火
儐,人十一金
儓,人土口土
儜,人十心弓
儒,人一月月
儕,人卜難
儦,人戈心火
儥,人土田金
償,人火月金
儩,人月金竹
儠,人女女女
儤,人日廿水
優,人一月水
儢,人卜心心
儲,人卜口日
儡,人田田田
儭,人卜木山
儰,人廿戈火
儱,人卜月心
儮,人一木一
儴,人卜口女
儵,人中人火
儳,人弓口戈
儹,人竹山金
儷,人一一心
儺,人廿人土
儸,人田中土
儼,人口口大
儻,人火月火
儽,人田田火
儿,中山
兀,一山
兀,一山
允,戈竹山
元,一一山
充,卜戈竹山
兄,口竹山
兇,山大竹山
光,火一山
兆,中一山人
先,竹土竹山
克,十口竹山
兌,金口竹山
免,弓日竹山
兒,竹難竹山
兔,弓山戈
兕,尸山竹山
兗,卜金口竹山
党,火月口竹山
兜,竹女竹山
兟,竹山竹土山
兢,十山十口山
入,人竹
內,人月
屳,人山
全,人一土
兩,一中月人
八,竹人
六,卜金
兮,金一女尸
公,金戈
共,廿金
弚,金弓中
兵,人一金
具,月一一金
其,廿一一金
典,廿月金
兼,廿難金
冀,中心田廿金
冇,大月
冊,月廿
冉,土月
再,一土月
冏,月金口
冑,中田月
冒,日月山
冔,日口一木
冓,廿廿土月
冕,日弓日山
冘,中月山
冗,月竹弓
冞,月火木
冠,月一山戈
冢,月一一人
冤,月弓山戈
冥,月日卜金
冪,月廿日月
冬,竹水卜
冰,戈一水
冱,戈一一女一
冹,戈一戈大
冶,戈一戈口
冷,戈一人戈戈
冾,戈一人一
冼,戈一竹土山
冽,戈一一弓弓
凈,戈一月尸木
凄,戈一十中女
凅,戈一田十口
凊,戈一手一月
准,戈一人土
凋,戈一月土口
凍,戈一木田
凎,戈一金
凌,戈一土金水
凐,戈一一田土
凔,戈一人戈口
凗,戈一山人土
凘,戈一廿金中
凜,戈一卜田木
凝,戈一心大人
凞,戈一尸山火
几,竹弓
凡,竹弓戈
凰,竹弓竹日土
凱,山廿竹弓
凳,弓人一口弓
凵,女中
凶,山大
凹,尸尸山
出,山山
凸,月尸尸
函,弓山水
刀,尸竹
刁,尸一
刃,尸竹戈
切,心尸竹
分,金尸竹
刈,大中弓
刌,木戈中弓
刉,人弓中弓
刊,一十中弓
刎,心竹中弓
刓,一山中弓
刖,月中弓
刑,一廿中弓
列,一弓中弓
刐,月卜中弓
划,戈中弓
刞,月一中弓
刪,月廿中弓
判,火手中弓
刨,心山中弓
利,竹木中弓
刜,中弓中弓
刡,口心中弓
初,中尸竹
別,口尸中弓
刻,卜人中弓
刵,尸十中弓
制,竹月中弓
券,火手尸竹
到,一土中弓
刲,土土中弓
刮,竹口中弓
刱,廿廿尸竹戈
刺,木月中弓
刷,尸月中弓
刳,大尸中弓
剁,竹木中弓
剎,大金中弓
前,廿月中弓
剌,木中中弓
削,火月中弓
剃,金竹中弓
剋,十山中弓
則,月金中弓
剉,人土中弓
剆,戈戈中弓
剄,一一中弓
剔,日竹中弓
剢,一人中弓
剝,女水中弓
剖,卜口中弓
剚,十弓中弓
剜,十山中弓
剟,水水水水弓
剛,月山中弓
剕,中一卜卜弓
剡,火火中弓
剞,大口中弓
剒,廿日中弓
剬,山月中弓
剫,戈水中弓
剮,月月中弓
剪,廿月弓竹
剭,尸土中弓
副,一田中弓
割,十口中弓
創,人口中弓
剴,山廿中弓
剩,竹心中弓
剺,十大一尸竹
剼,戈竹中弓
剿,女木中弓
剽,一火中弓
剸,十戈中弓
剷,卜一中弓
剻,山月中弓
劁,人火中弓
劂,一人中弓
劀,弓月中弓
劃,中一中弓
劊,人日中弓
劍,人人中弓
劋,口木中弓
劉,竹金中弓
劈,尸十尸竹
劇,卜人中弓
劌,卜竹中弓
劑,卜難中弓
劓,竹中中弓
劖,弓戈中弓
劗,竹金中弓
劘,戈卜中弓
劙,女戈中弓
力,大尸
加,大尸口
功,一大尸
劦,大尸大尸尸
劣,火竹大尸
助,月一大尸
劫,土戈大尸
努,女水大尸
劬,心口大尸
劭,尸口大尸
劮,竹人大尸
劼,土口大尸
劾,卜人大尸
劻,尸土大尸
勂,竹口大尸
勀,十山大尸
勃,十木大尸
勁,一一大尸
勇,弓月大尸
勉,弓山大尸
勍,卜火大尸
勓,心日大尸
務,弓竹人大尸
勗,日月一尸
勒,廿十大尸
動,竹土大尸
勘,廿女大尸
勖,日山大尸
勝,月火手尸
勛,口金大尸
勞,火火月大尸
勣,手金大尸
勦,女木大尸
勤,廿一大尸
勢,土戈大尸
募,廿日大尸
勫,竹田大尸
勩,心金大尸
勱,廿月大尸
勯,卜一大尸
勰,大尸田心
勳,竹火大尸
勵,一月大尸
勴,卜心大尸
勷,卜女大尸
勸,廿土大尸
勺,心戈
勾,心戈
勻,心戈一
勿,心竹竹
勼,心大弓
匆,心大大
包,心口山
匈,心山大
匉,心一火十
匊,心火木
匋,心人十山
匍,心戈十月
匎,心大中山
匏,大尸心口山
匐,心一口田
匒,心廿人口
匑,心竹竹弓
匕,山竹
化,人心
北,中一心
匙,日人心
匚,一女
匜,尸心木
匝,尸中月
匟,尸卜竹弓
匢,尸心竹竹
匠,尸竹一中
匡,尸一土
匣,尸田中
匪,尸中一卜
匭,尸十十弓
匯,尸水人土
匰,尸口口十
匱,尸中一金
匴,尸竹月廿
匷,尸月山土
匹,尸金
匼,尸人一口
匽,尸日女
區,尸口口口
匾,尸竹尸月
匿,尸廿大口
十,十
千,竹十
升,竹廿
卅,廿十
午,人十
卉,十廿
半,火手
卌,廿廿
卍,弓難
協,十大尸尸
卒,卜人人十
卓,卜日十
卑,竹竹十
南,十月廿十
博,十戈月戈
卜,卜
卞,卜卜
卡,卜一卜
占,卜口
卣,卜田尸
卦,土土卜
卬,竹女尸中
卯,竹竹尸中
卮,竹一尸山
印,竹心尸中
危,弓一尸山
卲,尸口尸中
即,日戈尸中
卵,竹竹尸中戈
卸,人一尸中
卹,竹廿尸中
卷,火手尸山
巹,弓水一尸山
卻,金口尸中
卼,一山弓一山
卿,竹竹日戈中
厂,一竹
厄,一尸山
厊,一一女竹
厏,一竹尸
厎,一竹心一
厒,一人十山
厔,一一戈土
厙,一十田十
厖,一戈山竹
厗,一卜廿十
厘,一田土
厚,一日弓木
原,一竹日火
厝,一廿日
厞,一中一卜
厜,一竹十一
厤,一竹木木
厥,一廿山人
厧,一十月金
厭,一日月大
厬,一日竹口
厲,一廿田月
厴,一大田中
厹,大弓戈
去,土戈
參,戈戈戈竹
又,弓大
叉,水戈
夃,弓尸水
反,竹水
及,弓竹水
友,大水
取,尸十水
叔,卜火水
受,月月水
叟,竹難中水
叛,火手竹水
叡,卜山水
叢,廿金廿水
口,口
叭,口金
只,口金
叮,口一弓
叫,口女中
召,尸竹口
司,尸一口
史,中大
叨,口尸竹
叻,口大尸
右,大口
可,一弓口
叱,口心
台,戈口
叼,口尸一
叩,口尸中
古,十口
另,口大尸
句,心口
叵,尸口
同,月一口
吒,口竹心
各,竹水口
吋,口木戈
后,竹一口
吇,人弓木
吁,口一木
名,弓戈口
吏,十中大
合,人一口
吐,口土
吆,口女戈
吉,土口
吊,口中月
吃,口人弓
向,竹月口
吪,口人心
含,人戈弓口
吼,口弓木山
吳,口女弓大
吾,一一口
吱,口十水
呆,口木
君,尸大口
吙,口火
呔,口大戈
吞,竹大口
吩,口金尸竹
吠,口戈大
呏,口竹廿
吨,口心山
否,一火口
吰,口大戈
告,竹土口
吮,口戈竹山
呀,口一女竹
吟,口人戈弓
吤,口人中中
吥,口一火
呁,口心戈一
呂,口竹口
吶,口人月
呅,口卜大
吵,口火竹
吜,口弓土
吷,口木大
吝,卜大口
吭,口卜竹弓
听,口竹一中
吽,口竹手
呈,口竹土
呇,水口
吸,口弓竹水
吧,口日山
呃,口一尸山
吹,口弓人
呎,口尸人
吘,口人十
吻,口心竹竹
呥,口土月
咁,口廿一
咖,口大尸口
呬,口田金
呻,口中田中
呧,口竹心一
呿,口土戈
咐,口人木戈
呦,口女戈尸
呤,口人戈戈
呢,口尸心
命,人一口中
味,口十木
呴,口心口
呷,口田中
呣,口田卜戈
呱,口竹女人
咕,口十口
呺,口口一尸
咆,口心口山
呠,口木一
呸,口一火一
咎,竹人口
呵,口一弓口
咍,口戈口
呶,口女水
呼,口竹火木
呫,口卜口
咋,口竹尸
咀,口月一
呾,口日一
咂,口尸中月
咒,口口竹弓
周,月土口
咄,口山山
咑,口手一弓
咇,口心竹
和,竹木口
咈,口中中弓
呯,口一火十
咘,口大中月
咚,口竹水卜
呡,口口女心
哉,十戈口
哄,口廿金
咺,口一日一
哆,口弓戈弓
咸,戈竹一口
咬,口卜金大
咪,口火木
咢,口口一一尸
咠,口尸十
咮,口竹十木
哅,口心山大
咾,口十大心
哃,口月一口
咯,口竹水口
咰,口心日
呰,卜心口
哂,口一金田
咫,尸人口金
咩,口廿手
咨,戈人口
哞,口戈竹手
咻,口人木
咳,口卜女人
哈,口人一口
咦,口大弓
咭,口土口
咼,月月口
咥,口一戈土
哏,口日女
咶,口竹十口
哇,口土土
咡,口尸十
咷,口中一人
咽,口田大
哎,口廿大
哖,口人手
呲,口卜一心
咱,口竹月山
品,口口口
咧,口一弓弓
哀,卜口竹女
咿,口人尸大
哠,口竹土口
哢,口一土廿
唉,口戈人大
唊,口大人人
唁,口卜一口
哻,口日一十
員,口月山金
哷,口月木戈
哭,口口戈大
唈,口口日山
唷,口卜戈月
唎,口竹木弓
哺,口戈十月
哽,口一中大
哩,口田土
哸,口月女
唄,口月山金
唒,口一金田
哱,口十月木
唚,口尸一水
唔,口一一口
哮,口十大木
唦,口水火竹
哦,口竹手戈
唐,戈中口
唃,口弓月土
唇,一女口
哳,口手竹中
哿,大口一弓口
哥,一口弓口
唗,口土卜人
哨,口火月
唧,口日戈中
唋,口人一木
唅,口人戈口
哫,口口卜人
哧,口土中金
唏,口大大月
唑,口人人土
唆,口戈金水
哲,手中口
哪,口尸手中
哤,口戈山竹
哼,口卜口弓
唹,口卜尸卜
商,卜金月口
啦,口手卜廿
啕,口心人山
啒,
售,人土口
啍,口卜口木
啟,竹口人大
啊,口弓中口
唯,口人土
啜,口水水水
啢,口一中月
啎,人十一一口
啀,口一土土
唳,口竹尸大
唸,口人戈心
啪,口手竹日
啁,口月土口
唼,口卜廿女
唶,口廿日
唻,口木人人
啥,口人一口
問,日弓口
啃,口卜一月
啖,口火火
啗,口弓竹難
唬,口卜心山
啶,口十一人
唲,口竹難山
啣,口人一中
啑,口十中人
啄,口一尸人
啅,口卜日十
啡,口中一卜
唪,口手大手
唭,口廿一金
唴,口廿土山
啈,口土廿十
唌,口弓大一
啋,口月木
唰,口尸月弓
啵,口水木水
啐,口卜人十
啤,口竹竹十
唵,口大中山
唱,口日日
啞,口一中一
喕,口一田中
喋,口心廿木
喀,口十竹口
啿,口廿一女
喢,口竹十難
喈,口心心日
喣,口口火
喊,口戈竹口
喜,土口廿口
喵,口廿田
喉,口人弓大
喃,口十月十
啽,口人一廿
喥,口戈廿水
喎,口月月口
喦,口口口山
嗖,口竹難水
善,廿土廿口
喌,口口戈中中
喡,口木一手
啾,口竹木火
單,口口田十
喚,口弓月大
喤,口竹日土
啻,卜月中月口
喂,口田一女
喟,口田月
喳,口木日一
唾,口竹十一
啼,口卜月月
喒,口竹人日
喪,土口口女
喙,口女弓人
喔,口尸一土
喘,口山一月
喝,口日心女
喨,口卜口山
啷,口戈戈中
喁,口田中月
喭,口卜竹竹
喓,口一田女
喲,口女火戈
喻,口人一弓
喬,竹大口月口
喧,口十一一
喑,口卜廿日
喱,口一田土
喏,口廿大口
喇,口木中弓
喫,口手竹大
嗣,口月尸一口
嗝,口一口月
嗢,口田人廿
嗤,口山一戈
嗊,口一月金
嗙,口卜月尸
嗈,口女女山
嗕,口一女戈
嗀,土口竹弓水
嗅,口竹山大
嗆,口人戈口
嗒,口廿人口
嗉,口手一火
嗓,口水水木
嗍,口廿山月
嗲,口金大弓
嗩,口火月金
嗦,口十月火
嗟,口廿手一
嗥,口竹日十
嘟,口十日中
嗇,土人田口
嗚,口竹口火
嗜,口十心日
喿,口口口木
嗔,口十月金
嗑,口土戈廿
嗋,口大尸月
嗎,口尸手火
嗯,口田大心
嗃,口卜口月
嗏,口廿人木
嗐,口十手口
嗌,口廿金廿
嗡,口金戈一
嗨,口水人卜
嗄,口一山水
喍,口卜心木
嗛,口廿難金
嗂,口月人山
嘐,口尸一竹
嘈,口廿田日
嘗,火月口心日
嗹,口卜十十
嗿,口人戈金
嘜,口十人弓
嘧,口十心山
嘀,口卜金月
嘕,口一卜火
嘛,口戈十金
嘍,口中田女
嘖,口手一金
嘆,口廿中人
嘝,口弓月十
嘒,口手十一
嘄,口竹日木
嗼,口廿日大
嘁,口戈竹火
嘓,口田戈一
嗺,口山人土
嘌,口一田火
嘔,口尸口口
嘂,口口女中口
嗷,口土尸大
嘉,土口廿口
嘎,口一山戈
嗶,口田廿十
嘏,十口口卜水
嗽,口木中人
嗾,口卜尸大
嘬,口日尸水
噈,口卜火山
嘴,口卜心月
噆,口一山日
噘,口一廿人
噚,口尸一戈
噅,口戈大火
嘩,口廿一十
嘵,口土土山
嘾,口一田十
嘲,口十十月
嘽,口口口十
噉,口一十大
噌,口金田日
嘳,口中一金
噎,口土月廿
嘪,口田中金
嘺,口竹大月
噀,口口山金
嘿,口田土火
噊,口弓竹月
噗,口廿金人
嘰,口女戈戈
嘸,口人廿火
嘶,口廿金中
嘯,口中難
嘹,口大金火
噴,口十廿金
噁,口一一心
嘮,口火火尸
噂,口廿田戈
噓,口卜心一
嘻,口土口口
噬,口竹一人
噱,口卜心人
噤,口木木火
噪,口口口木
噮,口田中女
噦,口卜一竹
噷,口卜日人
噠,口卜土手
噭,口竹尸大
噯,口月月水
噳,口卜心大
噩,一土口口
噢,口竹月大
噰,口卜女土
器,口口戈大口
噣,口田中戈
噞,口人一人
噸,口心山金
噥,口廿田女
噹,口火月田
噙,口人卜月
噲,口人一日
噶,口廿日女
噫,口卜廿心
嚌,口卜難
嚀,口十心弓
嚏,口十月人
嚄,口廿人水
嚅,口一月月
嚇,口土金金
嚓,口十月火
嚆,口廿卜月
嚃,口卜田水
嚎,口卜口人
噿,口尸一十
嚍,口中一廿
嚁,口尸一土
噾,口十金日
嚂,口尸戈廿
嚐,口火月日
嚕,口弓田日
嚜,口田土土
嚝,口戈廿金
嚙,口卜一山
嚗,口日廿水
嚘,口一月水
嚮,女中竹月口
嚚,口口尸中口
嚥,口廿中火
嚦,口一木一
嚬,口卜竹金
嚧,口卜心廿
嚫,口卜木山
嚪,口日弓難
嚭,土口一火口
嚶,口月金女
嚴,口口一一大
嚨,口卜月心
嚵,口弓口戈
嚷,口卜口女
嚼,口月田戈
嚳,竹月竹土口
嚲,卜木口口十
囀,口十十戈
囁,口尸十十
嚾,口廿口土
嚽,口土大金
囃,口卜木土
囂,口口一金口
囅,口十尸廿女
囆,口廿田戈
囈,口廿土戈
囋,口竹山金
囊,十月口口女
囉,口田中土
囌,口廿弓木
囓,口手竹山
囑,口尸卜戈
囔,口十月女
囗,月一
四,田金
囚,田人
因,田大
囝,田弓木
囡,田女
囟,竹田大
回,田口
囮,田人心
囥,田卜竹弓
困,田木
囧,田金月
囫,田心竹竹
囤,田心山
囪,竹田大大
固,田十口
囹,田人戈戈
囷,田竹木
囿,田大月
圁,田卜一口
圃,田戈十月
圂,田一尸人
圄,田一一口
國,田戈口一
圇,田人一月
圉,田土廿十
圊,田手一月
圈,田火手山
圍,田木一手
圌,田山一月
園,田土口女
圔,田土戈廿
圓,田口月金
圖,田口卜田
團,田十戈戈
圚,田中一金
圛,田田中十
圜,田田中女
圞,田女火木
土,土
圠,土山
圢,土一弓
圣,水土
圳,土中中中
圯,土口山
地,土心木
圮,土尸山
圬,土一一尸
圪,土人弓
在,大中土
圩,土一木
圭,土土
圴,土心戈
圾,土弓竹水
圻,土竹一中
坑,土卜竹弓
坋,土金尸竹
坅,土人戈弓
址,土卜中一
坊,土卜竹尸
坁,土竹女心
坎,土弓人
均,土心戈一
坐,人人土
坌,金尸竹土
坍,土月卜
坏,土一火
坉,土心山
坒,心心土
垃,土卜廿
坦,土日一
坫,土卜口
坳,土女戈尸
坡,土木竹水
坵,土人一
坷,土一弓口
坯,土一火一
坪,土一火十
坲,土中中弓
坱,土中月大
坢,土火手
坭,土尸心
坤,土中田中
垀,土竹火木
坰,土月口
坩,土廿一
坼,土竹一卜
坴,土金土
坻,土竹心一
坶,土田卜戈
坽,土人戈戈
坨,土十心
垘,土人戈大
垥,土人一口
垵,土十女
垢,土竹一口
垂,竹十廿一
垹,土手十中
垕,竹一口土
垝,土弓一山
垓,土卜女人
垙,土火一山
垛,土竹弓木
垗,土中一人
城,土戈竹尸
垮,土大一尸
垞,土十竹心
垣,土一日一
垠,土日女
垟,土廿手
垤,土一戈土
垚,土土土
型,一弓土
垏,土中手
垌,土月一口
垔,一田土
垿,土戈弓弓
埋,土田土
堲,日中土
埆,土弓月土
埒,土月木戈
垸,土十一山
埂,土一中大
垼,竹水土
堉,土卜戈月
垽,水中土
埌,土戈日女
埁,土山人弓
垺,土月弓木
埔,土戈十月
埃,土戈人大
埇,土弓戈月
垶,土卜廿十
埐,土尸一水
埕,土口竹土
埮,土火火
堎,土土金水
堍,土弓山戈
埰,土月木
埩,土月尸木
埱,土卜火水
埭,土中水
域,土戈口一
埼,土大一口
埣,土卜人十
堔,土月金木
堂,火月口土
培,土卜廿口
埧,土月一金
堋,土月月
埤,土竹竹十
埽,土尸一月
埻,土卜口木
堊,一一土
埲,土手大手
堄,土竹難山
埶,土土大弓戈
堐,土一土土
埠,土竹口十
埬,土木田
堆,土人土
埥,土手一月
基,廿金土
埡,土一中一
埜,木木土
堁,土田木
埸,土日心竹
堀,土尸山山
堅,尸水土
堈,土月廿山
埴,土十月一
埏,土弓大一
執,土十大弓戈
埳,土弓竹難
堌,土田十口
埢,土火手山
堵,土十大日
堳,土日竹山
堿,土戈竹口
堤,土日一人
塈,日山土
報,土十尸中水
堡,人木土
堠,土人弓大
堮,土口口尸
堣,土田中月
堪,土廿一女
堨,土日心女
堥,弓大土
堻,水手土
堷,土卜廿日
堹,土竹十土
堜,土木田火
堝,土月月口
堩,土心一一
堰,土尸日女
堭,土竹日土
堧,土一月大
堯,土土土山
埵,土竹十一
堞,土心廿木
堬,土人一弓
堛,土一口田
場,土日一竹
堸,土竹弓戈
堙,土一田土
堶,土大一月
塑,廿月土
塢,土竹口火
塎,土十金口
填,土十月金
塍,月火手土
塗,水木土
塌,土日尸一
塔,土廿人口
塝,土卜月尸
塉,土火金月
塛,土一田木
塘,土戈中口
塯,土竹竹田
塭,木田人廿
塣,水土土
塋,火火月土
塱,戈月土
堽,土田中一
塥,土一口月
塓,土月日金
塚,土月一人
塞,十廿金土
塤,土口月金
塙,土卜口月
塊,土竹戈
塒,土日土戈
塕,土金戈一
塏,土山一廿
塨,土廿金心
墑,土卜金月
墈,土廿女尸
墘,土十十弓
墎,土卜木中
墇,土卜廿十
塼,土十戈戈
境,土卜廿山
墂,土一田火
塻,土廿日大
塴,土山月月
墋,土戈戈竹
塵,戈心土
墔,土山人土
塹,十中土
墆,土大心月
墊,土戈土
墐,土廿中一
墏,女戈土
塿,土中田女
塺,戈木土
塶,土戈難心
墁,土日田水
塾,卜戈土
塽,土大大大
墉,土戈中月
墅,田弓土
墓,廿日大土
墣,土廿金人
墳,土十廿金
墦,土竹木田
墯,心月土
墮,弓月土
墥,土戈廿土
墬,弓人土
墱,土弓人廿
墩,土卜木大
墠,土口口十
墀,土尸卜手
墡,土廿土口
墫,土廿田戈
墨,田土火土
墜,弓人土
墝,土土土山
增,土金田日
墟,土卜心一
墿,土田中十
墻,土土人田
墼,十水土
墺,土竹月大
墾,月女土
壁,尸十土
壇,土卜田一
壈,土卜田木
壅,卜女土土
壉,土卜心人
墽,土竹尸大
壂,尸水土
壆,竹月土
壕,土卜口人
壎,土竹土火
壓,一大土
壖,土一月月
壔,土土弓戈
壏,土尸戈廿
壒,土廿土廿
壑,卜水土
壘,田田田土
壙,土戈廿金
壟,卜心土
壛,土日弓難
壝,土卜中金
壚,土卜心廿
壢,土一木一
壞,土卜田女
壤,土卜口女
壣,土尸十廿
壨,田田田田土
壧,土口口大
壩,土一月月
士,十一
壬,竹土
壯,女一土
壴,土口廿
壹,土月一廿
壺,土月中一
壾,土廿尸尸
壼,土月一一
壽,土弓一戈
壿,土廿田戈
囍,土口土口口
夆,竹水手十
夌,土金竹水
复,人日竹水
夏,一山竹水
夎,人人土水
夒,一金竹水
夔,廿金竹水
夕,弓戈
外,弓戈卜
夗,弓戈尸山
夙,竹弓一弓戈
多,弓戈弓戈
夜,卜人弓大
夠,弓弓心口
夤,弓戈十一金
夢,廿田中弓
夥,田木弓戈弓
大,大
夬,木大
夭,竹大
天,一大
夫,手人
太,大戈
夯,大大尸
失,竹手人
央,中月大
夸,大一一尸
夷,大弓
夼,大中中中
奀,一火大
夾,大人人
奄,大中田山
奈,大一一火
奇,大一弓口
奉,手大手
奅,大竹竹中
奔,大十廿
奏,手大竹大
奐,弓月大
奊,女土大
契,手竹大
奎,大土土
奕,卜金大
奓,大弓戈弓
套,大尸一戈
奚,月女戈大
奘,女土大
奢,大十大日
奜,中卜大
奡,一山大中中
奠,廿田大
奧,竹月大
奪,大人土戈
奫,大水中中
奩,大尸口口
奭,大一日日
獎,女戈戈大
奮,大人土田
奰,田中田田大
奱,女火大
奲,大日口口十
女,女
奴,女水
奶,女弓竹尸
奸,女一十
妃,女尸山
如,女口
奾,女山
妄,卜女女
妀,尸山女
妁,女心戈
好,女弓木
奻,女女
她,女心木
奿,大戈女
妅,女一
奼,女竹心
奷,女竹十
妨,女卜竹尸
姖,女尸尸
妢,女金尸竹
妦,女手十
妗,女人戈弓
妡,女竹一中
妤,女弓戈弓
妏,女卜大
妓,女十水
妖,女竹大
妍,女一廿
妊,女竹土
妧,女一一山
妒,女竹尸
妣,女心心
妞,女弓土
妠,女人月
妥,月女
妙,女火竹
妎,女人中中
妘,女一一戈
妝,女一女
妐,女金戈
委,竹木女
姈,女人戈戈
妮,女尸心
妴,弓山女
妶,女卜女戈
姓,女竹手一
姌,女土月
妼,女心竹
妱,女尸竹口
姍,女月廿
姇,人戈女
姀,女竹木
姎,女中月大
姐,女月一
姊,女中難竹
姏,女廿一
姆,女田卜戈
妵,女卜土
妹,女十木
妺,女木十
妯,女中田
妳,女弓火
妽,女中田中
姃,女一卜一
妾,卜廿女
姒,女女戈人
姑,女十口
妲,女日一
始,女戈口
妻,十中女
姅,女火手
姁,女心口
姱,女大一尸
姘,女廿廿
姮,女一日一
姭,大尸大尸女
姦,女女女
姣,女卜金大
姺,女竹土山
姥,女十大心
姿,戈人女
姪,女一戈土
威,戈竹一女
娃,女土土
姝,女竹十木
娀,女戈十
姼,女弓戈弓
姞,女土口
姤,女竹一口
姛,女月一口
姻,女田大
姩,女人手
姷,女大月
姳,女弓戈口
姽,女弓一山
娗,女弓大土
姵,女竹弓月
姡,女竹十口
姨,女大弓
姠,女竹月口
姴,一弓女
姶,女人一口
姲,女十女
姚,女中一人
姜,廿土女
姾,女人一土
娠,女一一女
娙,女一女一
娉,女中田尸
娭,女戈人大
娘,女戈日女
娥,女竹手戈
娖,女口卜人
娓,女尸竹山
娜,女尸手中
娳,女竹木弓
娑,水竹女
娊,女月山山
娟,女口月
娣,女金弓竹
娌,女田土
娕,女木中
娮,女卜一口
姬,女尸中中
娩,女弓日山
娏,女戈山竹
娛,女口女大
娞,女月女
婈,女土金水
婃,女十一火
婝,女十一人
婌,女卜火水
娷,女竹十一
婆,水水女
婭,女一中一
婢,女竹竹十
婟,女田十口
婜,尸水女
婑,女竹木女
婕,女十中人
婰,女廿月金
婩,女山一十
婖,女竹大心
婍,女大一口
娹,女弓卜戈
婂,女竹日月
婇,女月木
娵,女尸十水
婧,女手一月
娾,女一土土
婤,女月土口
婒,女火火
婄,女卜廿口
婠,女十口口
婛,女卜口火
婦,女尸一月
婓,中卜女
婚,女竹心日
娼,女日日
婥,女卜日十
婗,女竹難山
娶,尸水女
婊,女手一女
婘,女火手山
婁,中田中女
婞,女土廿十
婉,女十弓山
婐,女田木
婀,女弓中口
婬,女月竹土
娸,女廿一金
婪,木木女
媋,女手大日
媎,女十大日
媦,女田月
媧,女月月口
媩,女十口月
媔,女一田中
媚,女日竹山
媌,女廿田
媛,女月一水
婸,女日一竹
婼,女廿大口
婽,女口卜水
媯,女戈大火
媜,女卜月金
媏,弓山一月
媝,竹火女
婻,女十月十
媊,女廿月弓
媟,女心廿木
媗,女十一一
媕,女人一廿
媃,女弓竹木
媥,女竹尸月
媬,女人口木
媄,女廿土大
嫂,女竹難水
婷,女卜口弓
婺,弓大女
媮,女人一弓
媞,女日一人
媢,女日月山
婿,女弓人月
媒,女廿一木
媓,女竹日土
嫍,女月竹難
嫆,女十金口
嫊,女手一火
嫌,女廿難金
媐,尸山女
媿,女竹戈
嫈,火火月女
媷,女一女戈
媲,女竹田心
媸,女山一戈
媰,女心山山
媹,女竹竹田
嫀,女手大木
媺,女山山大
嫁,女十一人
媾,女廿廿月
媴,女土口女
媶,女廿尸十
媵,月火手女
嫄,女一竹火
媽,女尸手火
媻,竹水女
嫋,女弓一一
嫉,女大人大
媳,女竹山心
媱,女月人山
媼,女田人廿
嫇,女月日金
嫘,女田女火
嫬,女戈廿火
嫪,女尸一竹
嫫,女廿日大
嫨,女廿中人
嫡,女卜金月
嫮,女一月尸
嫦,女火月月
嫚,女日田水
嫟,女尸廿口
嫳,火大女
嫭,女卜心木
嫙,女卜尸人
嫞,女戈中月
嫩,女木中大
嫖,女一田火
嫣,女一卜火
嫗,女尸口口
嫕,女尸大心
嫛,尸水女
嫜,女卜廿十
嫢,手山女
嫝,女戈中水
嫠,十大一女
嫥,女十戈戈
嬃,竹金女
嬁,女弓人廿
嫹,女廿一金
嬂,女卜戈日
嬅,女廿一十
嬋,女口口十
嫴,女十口十
嬔,女弓山一
嬇,女中一金
嬏,女竹木田
嫸,女廿土口
嫵,女人廿火
嫻,女日弓木
嬉,女土口口
嫽,女大金火
嫶,女人土火
嬈,女土土山
嬌,女竹大月
嫺,女日弓月
嫿,女中土一
嫷,女弓中月
嬓,女竹尸大
嬙,女土人田
嬚,女戈廿金
嬞,女廿竹土
嬖,尸十女
嬗,女卜田一
嬠,女口口木
嬡,女月月水
嬛,女田中女
嬝,女竹日女
嬴,卜口月女弓
嬐,女人一人
嬯,女土口土
嬦,女土弓戈
嬨,女廿女心
嬣,女十心弓
嬭,女一火月
嬪,女十一金
嬰,月金女
嬥,女尸一土
嬮,一大女
嬲,田尸女田尸
嬬,女一月月
嬧,女中一廿
嬤,女戈木戈
嬸,女十竹田
嬽,女田中大
嬼,女竹金弓
嬾,女木中金
嬿,女廿中火
孅,女人戈一
孃,女卜口女
孀,女一月山
孇,女人土水
孈,女山人月
孌,女火女
孋,女一一心
孍,女口口大
孎,女尸卜戈
孑,弓弓一
孓,弓弓人
子,弓木
孔,弓木山
孕,弓尸弓木
存,大中弓木
字,十弓木
孖,弓木弓木
孛,十月弓木
孜,弓木人大
孝,十大弓木
孚,月弓木
孟,弓木月廿
孥,女水弓木
孢,弓木心口山
孤,弓木竹女人
季,竹木弓木
孩,弓木卜女人
屘,尸山弓木
孫,弓木竹女火
孬,一火女弓木
孲,弓木一中
孮,弓木十一火
孰,卜木大弓戈
孱,尸弓木木
孳,廿女戈木
孵,竹竹尸中木
孷,十大一木
學,竹月弓木
孻,弓木中一廿
孺,弓木一月月
孽,廿竹十木
孿,女火弓木
宄,十大弓
宁,十一弓
它,十心
安,十女
宅,十竹心
宇,十一木
守,十木戈
宏,十大戈
完,十一一山
宋,十木
宎,十竹大
宒,十竹手山
宜,十月一
宛,十弓戈山
宕,十一口
宗,十一一火
官,十口中口
定,十一卜人
宙,十中田
宓,十心竹
宣,十一日一
宦,十尸中中
宥,十大月
室,十一戈土
客,十竹水口
宨,十中一人
宭,十尸大口
宬,十戈竹尸
宵,十火月
宸,十一一女
家,十一尸人
宮,十口竹口
害,十手一口
宰,十卜廿十
容,十金人口
宧,十尸中中
宴,十日女
寀,十月木
宿,十人一日
寂,十卜火水
寅,十一中金
寄,十大一口
密,十心竹山
寁,十十中人
寇,十一山水
寔,十日一人
寪,十戈大火
寋,十廿金山
寊,十卜月金
寓,十田中月
富,十一口田
寍,十心月廿
寑,十人尸水
寒,十廿金卜
寐,十女一木
寎,十女一月
寘,十十月金
寙,十竹人人
寖,十水尸水
寠,十中田女
寣,十女一口
寡,十一金竹
寢,十女一水
寥,十尸一竹
寞,十廿日大
寤,十女一口
察,十月人火
寧,十心月弓
實,十田十金
寨,十廿金木
寮,十大金火
寬,十廿月戈
審,十竹木田
寫,十竹難火
寯,十人土尸
寰,十田中女
寱,十女一木
寲,十心大人
寵,十卜月心
寶,十一山金
寸,木戈
寺,土木戈
封,土土木戈
射,竹竹木戈
尃,戈月木戈
將,女一月木戈
尉,尸火木戈
專,十戈木戈
尌,土廿木戈
尊,廿田木戈
尋,尸一一口戈
對,廿土木戈
導,卜山木戈
小,弓金
少,火竹
尐,火人
尒,人火
尕,弓尸火
尖,火大
尚,火月口
尟,日人火竹
尢,大山
尤,戈大山
尥,大山心戈
尪,大山一土
尬,大山人中中
尨,戈山竹竹竹
就,卜火戈大山
尰,大山竹十土
尳,大山月月
尷,大山尸戈廿
尸,尸
尺,尸人
尹,尸大
尼,尸心
尻,尸大弓
尿,尸水
尾,尸竹手山
局,尸尸口
屁,尸心心
屄,尸十金
居,尸十口
屇,尸田
屆,尸山土
屈,尸山山
屍,尸一弓心
屏,尸廿廿
屋,尸一戈土
屌,尸口中月
屎,尸火木
屑,尸火月
展,尸廿女
屔,人一尸心
屖,尸卜廿十
屐,尸竹人水
屙,尸弓中口
屝,尸中一卜
屜,尸竹人廿
屠,尸十大日
屣,尸竹人人
屢,尸中田女
層,尸金田日
履,尸竹人水
屧,尸竹人木
屨,尸竹人女
屩,尸竹人月
屪,尸十大火
屬,尸卜卜戈
屭,尸月金金
屮,山中
屯,心山
山,山
屴,山大尸
屹,山人弓
屾,山山
屼,山一山
屻,山尸竹戈
屺,山尸山
岆,山竹大
岐,山十水
岉,山心竹竹
岒,山人戈弓
岊,日山山
岌,山弓竹水
岈,山一女竹
岓,山竹一中
岑,山人戈弓
岔,金尸竹山
岍,山一廿
岋,山竹弓水
岏,山一一山
岕,山人中中
岧,山尸竹口
岣,山心口
岤,山十金
岠,山尸尸
岡,月廿山
岯,山一火一
岢,山一弓口
岭,山人戈戈
岥,山木竹水
岶,山竹日
岩,山一口
岝,山竹尸
岵,山十口
岬,山田中
岟,山中月大
岳,人一山
岸,山一一十
岦,山卜廿
岱,人心山
岷,山口女心
岨,山月一
岫,山中田
岰,山女戈尸
岪,山中中弓
岮,山十心
峓,山大弓
峟,山大月
峌,山一戈土
峚,山大土
峗,山弓一山
峸,山戈竹尸
峏,山一月中
峞,山弓一山
峔,山十大心
峙,山土木戈
峘,山一日一
峉,山竹水口
峒,山月一口
峊,竹口山
峇,山人一口
峆,山人一口
峈,山竹水口
峋,山心日
峐,山卜女人
峎,山日女
峛,山一弓弓
峖,山十女
峻,山戈金水
峮,山尸大口
峿,山一一口
峱,大竹弓土山
峨,山竹手戈
崀,山戈日女
崁,山土弓人
峽,山大人人
島,竹日卜山
峭,山火月
峷,山卜廿十
峹,人一木山
峬,山戈十月
峰,山竹水十
峪,山金人口
峴,山月山山
崠,山木田
崝,山手一月
崰,山女女田
崖,山一土土
崢,山月尸木
崤,山大大月
崌,山尸十口
崔,山人土
崧,山木金戈
崣,山竹木女
崋,山一廿十
崍,山木人人
崇,山十一火
崩,山月月
崏,山竹心日
崑,山日心心
崛,山尸山山
崙,山人一月
崞,山卜口木
崮,山田十口
崎,山大一口
崨,山十中人
崆,山十金一
崚,山土金水
崟,山金
崒,山卜人十
崦,山大中山
崥,山竹竹十
崗,山月廿山
嵙,山竹木十
崹,山卜月月
嵃,山卜竹竹
嵅,山戈竹口
嵉,山卜口弓
崱,山月金弓
嵫,山廿女戈
嵀,山木卜土
崼,山日一人
崵,山日一竹
崽,山田心
崲,山竹日土
崳,山人一弓
嵕,山山金水
崸,山一月金
崺,山卜尸木
嵋,山日竹山
崶,山土土戈
嵌,山廿一人
嵂,山竹人手
嵁,山廿一女
嵑,山日心女
嵐,山竹弓戈
崴,山戈竹女
嵎,山田中月
嵇,竹木戈山山
崷,山廿金田
嵒,口口口山
崿,山口口尸
嵩,山卜口月
嵱,山十金口
嵲,山竹山木
嵧,山竹竹田
嵞,人一木山
嵣,山戈中口
嵊,山竹木心
嵯,山廿手一
嵬,山竹戈
嵥,山弓手木
嵨,山竹口火
嵢,山人戈口
嶀,山一月尸
嶉,山口人土
嶊,山手人土
嵾,山戈戈竹
嶇,山尸口口
嵼,山卜竹一
嶆,山廿田日
嵿,山一弓金
嵽,山大心月
嵹,山弓戈戈
嶂,山卜廿十
嵺,山尸一竹
嶍,山尸一日
嶄,山十十中
嶈,山女一戈
嵷,山竹人人
嶁,山中田女
嶓,山竹木田
嶡,山一廿人
嶠,山竹大月
嶗,山火火尸
嶞,弓月山
嶝,山弓人廿
嶕,山人土火
嶜,山一山日
嶟,山廿田戈
嶚,山大金火
嶒,山金田日
嶔,山金弓人
嶢,山土土山
嶙,山火木手
嶩,山廿田女
嶧,山田中十
嶴,竹大山
嶯,山口十戈
嶬,山廿土戈
嶲,山人土尸
嶪,山廿金木
嶭,山竹口十
嶨,竹月山
嶮,山人一人
嶱,山廿日女
嶵,山田中卜
嶰,山弓月手
嶽,山大竹大
嶼,山竹難金
嶸,山火火木
嶺,山人戈金
嶷,山心大人
巂,山人土月
巀,山火土戈
巃,山卜月心
巇,山卜廿戈
巆,山火火口
巉,山弓口戈
巋,山竹一月
巏,山廿口土
巍,山竹女戈
巔,山十金金
巕,山廿竹女
巑,山竹山金
巒,女火山
巘,山卜月大
巖,山口口大
川,中中中
巟,卜女竹中山
州,戈中戈中
巡,卜女女女
巢,女女田木
工,一中一
巨,尸尸
巧,一一女尸
左,大一
巠,一女女一
巫,一人人
差,廿手一
巰,一一卜戈山
己,尸山
已,尸山
巳,口山
巴,日山
巷,廿金口山
巽,口山廿金
巾,中月
巿,十月
帄,中月一弓
市,卜中月
布,大中月
帆,中月竹弓戈
帎,中月中月山
希,大大中月
帊,中月日山
帗,中月戈大大
帔,中月木竹水
帙,中月竹手人
帘,十金中月
帛,竹日中月
帚,尸一月中月
帖,中月卜口
帑,女水中月
帕,中月竹日
帤,女口中月
帣,火手中月
帡,中月廿廿
帢,中月人一口
帟,卜金中月
帥,竹口中月
帝,卜月中月
帠,竹難中月
帩,中月火月
師,竹口一中月
帨,中月金口山
席,戈廿中月
常,火月口中月
帴,中月戈戈
帶,大心月中月
帷,中月人土
帳,中月尸一女
帾,中月十大日
帽,中月日月山
幃,中月木一手
幄,中月尸一土
幀,中月卜月金
幅,中月一口田
幁,中月一月金
幋,竹水中月
幍,中月月竹難
幊,中月一月金
幏,中月十一人
幌,中月日火山
幎,中月月日金
幛,中月卜廿十
幘,中月手一金
幓,中月戈戈竹
幣,火大中月
幔,中月日田水
幗,中月田戈一
幕,廿日大月
幙,中月廿日大
幡,中月竹木田
幟,中月卜戈日
幜,中月日卜火
幠,中月人廿火
幝,中月口口十
幢,中月卜廿土
幩,中月十廿金
幨,中月弓金口
幧,中月口口木
幦,尸十中月
幫,土戈竹日月
幪,中月廿月人
幬,中月土弓戈
幯,中月竹日中
幮,中月戈土戈
幭,中月廿田戈
幰,中月十手心
干,一十
平,一火十
并,廿廿
幵,一廿
年,人手
幸,土廿十
幹,十十人一十
幻,女戈尸
幼,女戈大尸
幽,山女戈戈
幾,女戈竹戈
庂,戈人
庀,戈心
庄,戈土
庈,戈人戈弓
庌,戈一女竹
庇,戈心心
序,戈弓戈弓
庍,戈竹一中
庉,戈心山
床,戈木
庋,戈十水
庚,戈中人
庖,戈心口山
府,戈人木戈
底,戈竹心一
店,戈卜口
庥,戈人木
庢,戈一戈土
庠,戈廿手
庛,戈卜一心
庤,戈土木戈
庣,戈中一人
度,戈廿水
庭,戈弓大土
庨,戈十大木
庫,戈十田十
庬,戈戈山竹
座,戈人人土
庪,戈手十水
庮,戈一金田
庹,戈廿尸人
庶,戈廿火
庾,戈竹難人
庸,戈中月
庳,戈竹竹十
庴,戈廿日
康,戈中水
庰,戈廿廿
庲,戈木人人
庵,戈大中山
庱,戈土金水
廁,戈月金弓
廊,戈戈戈中
廄,戈日戈水
廂,戈木月山
廋,戈竹難水
廅,戈土戈廿
廈,戈一山水
廆,戈竹戈
廇,戈竹竹田
廉,戈廿難金
廌,戈難火
廙,戈田廿金
廜,戈尸十日
廑,戈廿中一
廖,戈尸一竹
廔,戈中田女
廒,戈土尸大
廓,戈卜木中
廘,戈戈難心
廕,戈弓中戈
廗,戈大心月
廎,戈心一金
廢,戈弓人水
廠,戈火月大
廛,戈田金土
廡,戈人廿火
廣,戈廿一金
廞,戈金弓人
廟,戈十十月
廝,戈廿金中
廚,戈土廿戈
廩,戈卜田木
廦,戈尸口十
廧,戈土人田
廥,戈人一日
廨,戈弓月手
廬,戈卜心廿
廯,戈弓火手
廮,戈月金女
廱,戈女山土
廲,戈一一心
廳,戈尸土心
廷,弓大竹土
延,弓大竹卜一
建,弓大中手
廾,十十
廿,廿
弁,戈廿
弅,金尸竹廿
异,尸山廿
弄,一土廿
弈,卜金廿
弇,人一口廿
弊,火大廿
弋,戈心
式,戈心一
弒,大金戈心一
弓,弓
引,弓中
弔,弓中
弘,弓戈
弗,中中弓
弛,弓心木
弟,金弓中竹
弝,弓日山
弧,弓竹女人
弦,弓卜女戈
弣,弓人木戈
弢,弓山水
弨,弓尸竹口
弩,女水弓
弤,弓竹心一
弭,弓尸十
弮,火手弓
弳,弓一女一
弰,弓火月
弱,弓一弓戈一
張,弓尸一女
強,弓戈中戈
弸,弓月月
弶,弓卜口火
弼,弓一日弓
彀,土弓竹弓水
彃,弓田廿十
彄,弓尸口口
彆,火大弓
彈,弓口口十
彉,弓廿一金
彋,弓田中女
彊,弓一田一
彌,弓一火月
彎,女火弓
彏,弓月山水
彔,女弓一水
彖,女弓一人
彗,手十尸一
彘,女一心人心
彙,女一月田木
彝,女一火火廿
形,一廿竹竹竹
彤,月卜竹竹竹
彥,卜竹竹竹竹
彧,戈大口一
彬,木木竹竹
彫,月口竹竹竹
彩,月木竹竹竹
彪,卜山竹竹竹
彭,土廿竹竹竹
彯,一火竹竹竹
彰,卜十竹竹竹
影,日火竹竹竹
彳,竹人
彴,竹人心戈
彷,竹人卜竹尸
彸,竹人金戈
彶,竹人弓竹水
役,竹人竹弓水
征,竹人一卜一
往,竹人卜土
彿,竹人中中弓
彼,竹人木竹水
彾,竹人人戈戈
彽,竹人竹心一
徂,竹人月一
待,竹人土木戈
律,竹人中手
徇,竹人心日
徉,竹人廿手
後,竹人女戈水
很,竹人日女
徊,竹人田口
徆,竹人一金田
徐,竹人人一木
徒,竹人土卜人
徑,竹人一女一
徖,竹人十一火
徟,竹人月土口
徙,竹人卜中人
徘,竹人中一卜
徜,竹人火月口
得,竹人日一戈
從,竹人人人人
徛,竹人大一口
徠,竹人木人人
御,竹人人一中
循,竹人竹十山
徥,竹人日一人
徨,竹人竹日土
徦,竹人口卜水
徫,竹人大卜手
復,竹人人日水
徭,竹人月人山
徯,竹人月女大
微,竹人山山大
徬,竹人卜月尸
徹,竹人卜月大
徶,竹人火月大
德,竹人十田心
徵,竹人山土大
徲,竹人尸卜手
徼,竹人竹尸大
徻,竹人人田日
徽,竹人山火大
徾,竹人山口大
徿,竹人卜月心
忀,竹人卜口女
忁,竹人日山水
心,心
必,心竹
忉,心尸竹
忔,心人弓
忏,心竹十
忕,心大
忙,心卜女
忖,心木戈
忡,心中
忨,心一一山
忤,心人十
忘,卜女心
忷,心山大
怀,心一火
忯,心竹女心
忴,心人戈弓
志,土心
忸,心弓土
忪,心金戈
忺,心弓人
忻,心竹一中
忳,心心山
忮,心十水
忐,卜一心
忭,心卜卜
忌,尸山心
忣,心弓竹水
忑,一卜心
忍,尸戈心
快,心木大
忒,戈心心
忱,心中月山
怪,心水土
怗,心卜口
念,人戈弓心
忝,竹大心
怳,心口竹山
性,心竹手一
怙,心十口
怫,心中中弓
怛,心日一
怦,心一火十
怢,心竹手人
怴,心戈女
怕,心竹日
忿,金尸竹心
忽,心竹心
怓,心女水
怲,心一人月
怖,心大中月
怌,心一火一
怬,心田金
怑,心火手
怡,心戈口
怋,心口女心
忞,卜大心
怞,心中田
怮,心女戈尸
怜,心人戈戈
怭,心心竹
怯,心土戈
怐,心心口
怚,心月一
怵,心戈十金
怍,心竹尸
怉,心心口山
怔,心一卜一
忠,中心
怏,心中月大
怩,心尸心
怊,心尸竹口
忥,人弓心
思,田心
恤,心竹月廿
怨,弓山心
急,弓尸心
恪,心竹水口
恂,心心日
恟,心心山大
恨,心日女
怒,女水心
恔,心卜金大
恲,心廿廿
恇,心尸一土
恓,心一金田
恰,心人一口
恅,心十大心
恄,心土口
恆,心一月一
怠,戈口心
恒,心一日一
恌,心中一人
恦,心竹月口
恞,心弓大
恀,心弓戈弓
恮,心人一土
恛,心田口
怷,戈金心
怎,竹尸心
恉,心心日
怤,人戈心
恃,心土木戈
恬,心竹十口
恫,心月一口
恢,心大火
恘,心人木
恍,心火一山
怹,人木心
悇,心人一木
悍,心日一十
悗,心弓日山
恙,廿土心
恣,戈人心
悅,心金口山
悖,心十月木
悃,心田木
悀,心弓戈月
悈,心戈廿
悜,心口竹土
悢,心戈日女
悒,心口日山
恁,人土心
悎,心竹土口
恐,一弓心
恥,尸十心
恩,田大心
悄,心火月
悝,心田土
恕,女口心
悁,心口月
息,竹山心
悔,心人田卜
悌,心金弓竹
恧,一月心
恚,土土心
悟,心一一口
悕,心大大月
悛,心戈金水
恝,手竹心
悚,心木中
恭,廿金心
惏,心木木
惓,心火手山
悉,竹木心
惃,心日心心
惍,心金
惤,心弓卜戈
惙,心水水水
惋,心十弓山
悿,心竹大心
悷,心竹尸大
惜,心廿日
您,人火心
惘,心月廿女
悊,手中心
惟,心人土
患,中中心
悆,人一木心
悐,大火心
悴,心卜人十
惕,心日心竹
惔,心火火
惀,心人一月
恿,弓月心
悸,心竹木木
惆,心月土口
情,心手一月
悵,心尸一女
悠,人大心
惝,心火月口
悰,心十一火
悼,心卜日十
惇,心卜口木
惦,心戈卜口
悾,心十金一
惛,心竹心日
惚,心心竹心
悱,心中一卜
惈,心田木
悻,心土廿十
悺,心十口口
悽,心十中女
惊,心卜口火
愃,心十一一
愐,心一田中
惲,心月十十
惰,心大一月
愔,心卜廿日
惵,心心廿木
惿,心日一人
悲,中卜心
惑,戈一心
惌,十弓山心
愄,心田一女
愋,心月一水
惢,心心心
惺,心日竹一
愉,心人一弓
愕,心口口尸
愅,心廿中十
愎,心人日水
惄,卜水心
悶,日弓心
愜,心尸大人
惎,廿金心
惠,十戈心
愣,心田中尸
愝,心尸日女
惾,心山金水
愀,心竹木火
愓,心日一竹
悹,十口口心
惼,心竹尸月
惡,一一心
惸,心心日木
慨,心日戈山
惁,木中心
惻,心月金弓
惱,心女女田
愒,心日心女
愖,心廿一女
惴,心山一月
惉,水口心
惶,心竹日土
愘,心十竹口
愊,心一口田
慍,心田人廿
慎,心十月金
愁,竹火心
愶,心大尸月
愲,心月月月
想,木山心
慈,廿女戈心
愯,心人土水
愴,心人戈口
慅,心水戈戈
慉,心卜女田
慆,心月竹難
惷,手大日心
愩,心一月金
慌,心廿卜山
慀,心月女大
感,戈口心
愫,心手一火
慏,心月日金
惹,廿大口心
意,卜廿日心
愧,心竹戈
愚,田月心
愈,人一月心
慊,心廿難金
愮,心月人山
愆,竹弓心
愷,心山一廿
愍,口大心
愾,心人弓木
慄,心一田木
愛,月月心水
憀,心尸一竹
慷,心戈中水
慁,田人心
愨,土水心
慚,心十十中
愿,一火心
慘,心戈戈竹
態,戈心心
慥,心卜竹口
慇,竹水心
慟,心竹土尸
慺,心中田女
慒,心廿田日
慱,心十戈戈
慞,心卜廿十
慢,心日田水
慴,心尸一日
慣,心田十金
慛,心山人土
慡,心大大大
慲,心廿中月
愻,弓火心
慓,心一田火
慵,心戈中月
慖,心田戈一
慔,心廿日大
慪,心尸口口
慬,心廿中一
愬,廿月心
慳,心尸水土
憳,心尸一戈
慹,土戈心
憎,心金田日
憟,心一田木
憡,心竹木月
慮,卜心田心
憃,手大竹難心
憱,心卜火山
慧,手十尸一心
憛,心一田十
慾,金人心
憧,心卜廿土
慼,戈火心
憒,心中一金
憯,心一山日
慦,戈大心
憔,心人土火
憢,心土土山
憋,火大心
憐,心火木手
憮,心人廿火
憍,心竹大月
憬,心日卜火
憫,心日弓大
慶,戈難水
慫,竹人心
慝,尸口心
憤,心十廿金
慕,廿日大心
憰,心弓竹月
憪,心日弓月
慰,尸戈心
憚,心口口十
憓,心十戈心
憂,一月心竹水
憉,心土廿竹
憭,心大金火
憑,戈火心
憶,心卜廿心
懈,心弓月手
懅,心卜心人
懊,心竹月大
憲,十手一心
憩,竹山心
憿,心竹尸大
憴,心口難山
憾,心戈口心
憌,金一心
憨,一大心
憊,人月心
憸,心人一人
懁,心田中女
懍,心卜田木
懌,心田中十
懆,心口口木
憖,木大心
憝,卜大心
憺,心弓金口
懨,心一日大
應,戈土心
懦,心一月月
憼,廿大心
懇,月女心
懧,心十心弓
懥,心十月人
懋,木木心
懃,廿尸心
懂,心廿竹土
懞,心廿月人
憵,尸十心
懠,心卜難
懤,心土弓戈
懱,心廿田戈
懰,心竹金弓
懫,心竹中金
懮,心一月水
懘,水月心
懖,金口心
懪,心日廿水
懩,心廿人女
懟,廿戈心
懭,心戈廿金
懣,水月心
懷,心卜田女
懶,心木中金
懵,心廿田山
懲,竹大心
懺,心人戈一
懹,心卜口女
懻,心中心金
懸,月火心
懽,心廿口土
懾,心尸十十
懼,心月山土
懿,土廿戈人心
戃,心火月火
戄,心月山水
戀,女火心
戁,廿土心
戇,卜金心
戈,戈
戊,戈竹
戉,戈女
戌,戈竹一
成,戈竹尸
戍,戈竹戈
戎,戈十
我,竹手戈
戒,戈廿
戕,女一戈
戔,戈戈
或,戈口一
戙,月口戈
戚,戈竹卜一火
戛,一山戈
戟,十十戈
戠,卜日戈
戡,廿女戈
戢,口十戈
戥,日一戈
戣,弓大戈
戤,弓廿戈
酨,十戈一金田
截,十戈人土
戩,一日戈
戫,大月戈口一
戧,人口戈
戮,尸竹戈
戭,十金戈
戰,口十戈
戲,卜廿戈
戴,十戈田廿金
戳,尸土戈
戶,竹尸
戺,竹尸口山
戾,竹尸戈大
所,竹尸竹一中
房,竹尸卜竹尸
戽,竹尸卜十
扁,竹尸月廿
扃,竹尸月口
扂,竹尸卜口
扆,竹尸卜竹女
扇,竹尸尸一一
扈,竹尸口日山
扊,竹尸火火
扉,竹尸中一卜
搫,竹水手
摫,手手人山
才,木竹
手,手
扎,手山
扔,手弓竹尸
打,手一弓
扑,手卜
扐,手大尸
扒,手金
扚,手心戈
扜,手一木
扢,手人弓
托,手竹心
扛,手一
扠,手水戈
扞,手一十
扥,手手山
扙,手十大
扡,手心木
扣,手口
扦,手竹十
扤,手一山
扭,手弓土
抌,手中月山
折,手竹一中
扺,手竹女心
抄,手火竹
扳,手竹水
扻,手弓人
抔,手一火
批,手心心
找,手戈
抸,手竹戈人
扯,手卜中一
扴,手人中中
扷,手竹大
扲,手人戈弓
扽,手心山
抇,手日
扰,手戈大山
扶,手手人
扮,手金尸竹
投,手竹弓水
抗,手卜竹弓
抏,手一一山
把,手日山
抈,手月
技,手十水
抃,手卜卜
抉,手木大
抓,手竹中人
扼,手一尸山
抒,手弓戈弓
抖,手卜十
扱,手弓竹水
抑,手竹女中
抎,手一一戈
抆,手卜大
拍,手竹日
承,弓弓手人
拊,手人木戈
拋,手大山尸
抨,手一火十
抮,手人竹竹
披,手木竹水
抱,手心口山
抵,手竹心一
抬,手戈口
拖,手人心木
抾,手土戈
拚,手戈廿
拂,手中中弓
拓,手一口
拐,手口尸竹
拒,手尸尸
抴,手心廿
拇,手田卜戈
抿,手口女心
拌,手火手
抹,手木十
抪,手大中月
拉,手卜廿
拔,手戈大大
拘,手心口
抭,手十竹山
抰,手中月大
抳,手尸心
拗,手女戈尸
拑,手廿一
押,手田中
拆,手竹一卜
拙,手山山
抯,手月一
拄,手卜土
招,手尸竹口
抁,手戈竹山
抶,手竹手人
抻,手中田中
抩,手土月
拎,手人戈戈
抽,手中田
拈,手卜口
拷,手十大尸
括,手竹十口
拭,手戈心一
按,手十女
拽,手中田心
挂,手土土
拴,手人一土
拫,手日女
拹,手大尸尸
拱,手廿金
拮,手土口
拏,女水手
拾,手人一口
挓,手十竹心
拻,手大火
挏,手月一口
挑,手中一人
指,手心日
拵,手大中木
挖,手十金弓
挋,手尸中中
挃,手一戈土
挀,手竹竹女
拶,手女女弓
挔,手卜竹女
拺,手木月
持,手土木戈
拼,手廿廿
拜,竹手一手十
拯,手弓水一
拸,手弓戈弓
挍,手卜金大
挎,手大一尸
挕,手尸十
拰,手人竹土
挌,手竹水口
挴,手人田卜
捆,手田木
挹,手口日山
捍,手日一十
挳,手一女一
拿,人一口手
捘,手戈金水
捇,手土中金
挈,手竹手
捀,手竹水十
捃,手尸大口
拳,火手手
捌,手口尸弓
捈,手人一木
捁,手竹土口
捑,手日弓大
挸,手月山山
捚,手田土
捗,手卜中竹
捕,手戈十月
挾,手大人人
挐,女口手
捋,手月木戈
捙,手十田十
挬,手戈大大
挨,手戈人大
捉,手口卜人
挺,手弓大土
揤,手日戈中
挩,手金口山
振,手一一女
拲,廿金手
挶,手尸尸口
捂,手一一口
捔,手弓月土
挽,手弓日山
捄,手戈十水
捅,手弓戈月
捊,手月弓木
捖,手十一山
挭,手一中大
挼,手月女
挪,手尸手中
捎,手火月
挫,手人人土
捏,手竹難一
捐,手口月
授,手月月水
推,手人土
掭,手竹大心
挻,手弓大一
捸,手中水
挲,水竹手
掝,手戈口一
掞,手火火
捰,手田木
掮,手竹尸月
掑,手廿一金
掅,手手一月
捨,手人一口
掃,手尸一月
掠,手卜口火
掽,手廿廿金
掇,手水水水
掜,手竹難山
捼,手竹木女
捱,手一土土
捺,手大一火
捷,手十中人
接,手卜廿女
掫,手尸十水
排,手中一卜
捫,手日弓
掙,手月尸木
捥,手十弓山
掊,手卜廿口
探,手月金木
掏,手心人山
掄,手人一月
捩,手竹尸大
捻,手人戈心
捯,手一土弓
掗,手一中一
掬,手心火木
掛,手土土卜
掐,手弓竹難
掩,手大中山
捵,手廿月金
掍,手日心心
掉,手卜日十
掘,手尸山山
捭,手竹竹十
捲,手火手山
掟,手十一人
捽,手卜人十
掀,手竹中人
掤,手月月
掂,手戈卜口
掁,手尸一女
採,手月木
捧,手手大手
控,手十金一
措,手廿日
掖,手卜人大
掎,手大一口
掯,手卜一月
据,手尸十口
揓,手卜尸木
揉,手弓竹木
揖,手口尸十
搜,手竹難水
揇,手十月十
插,手竹十難
揕,手廿一女
揲,手心廿木
撝,手戈大火
提,手日一人
揪,手竹木火
掣,竹弓手
掌,火月口手
揍,手手大大
揌,手田心
揃,手廿月弓
揎,手十一一
揗,手竹十山
揈,手心卜口
揣,手山一月
掔,尸水手
揩,手心心日
捶,手竹十一
掱,手手手
揮,手月十十
搯,手月竹難
揜,手人一廿
揳,手手竹大
描,手廿田
揊,手一口田
揆,手弓人大
揋,手田一女
掾,手女弓人
揰,手竹十土
揵,手弓大手
揭,手日心女
揟,手弓人月
揘,手竹日土
握,手尸一土
揂,手廿金田
揙,手竹尸月
揯,手心一一
換,手弓月大
揝,手竹人日
掰,手金竹手
揠,手尸日女
揄,手人一弓
揶,手尸十中
揚,手日一竹
揥,手卜月月
揹,手中心月
揀,手木田火
摒,手尸廿廿
援,手月一水
揨,手卜口弓
搛,手廿難金
揫,竹火手
搾,手十金尸
搉,手人月土
搓,手廿手一
搔,手水戈戈
搡,手水水木
搢,手一戈日
揱,火弓手
搠,手廿山月
搘,手十心日
搞,手卜口月
搧,手竹尸一
搌,手尸廿女
搎,手弓木火
搆,手廿廿月
揅,一廿手
搹,手一口月
損,手口月金
搶,手人戈口
搒,手卜月尸
搭,手廿人口
揧,木弓手
搤,手廿金廿
搦,手弓一一
搊,手心山山
搕,手土戈廿
搳,手十手口
搵,手田人廿
搗,手竹日山
搋,手竹卜山
搏,手戈月戈
搬,手竹卜水
搽,手廿人木
搪,手戈中口
搮,手一田木
搚,手大尸月
摀,手竹口火
搐,手卜女田
搨,手日尸一
搖,手月人山
摃,手一月金
搣,手戈竹火
搰,手月月月
搥,手卜竹口
搷,手十月金
摁,手田大心
搟,手十十十
摘,手卜金月
摶,手十戈戈
摐,手竹人人
摥,手人日竹
摭,手戈廿火
摦,手大尸人
摺,手尸一日
摴,手一月尸
摓,手卜竹十
摍,手十人日
摛,手卜山月
摧,手山人土
撦,手大十日
搴,十廿金手
摸,手廿日大
摝,手戈難心
摞,手田女火
撂,手田竹口
摳,手尸口口
摙,手卜十十
摟,手中田女
摡,手日戈山
摿,手人卜日
摬,手卜廿山
摜,手田十金
摑,手田戈一
摵,手戈竹火
摔,手卜戈十
摷,手女女木
摋,手大金水
摲,手十十中
摻,手戈戈竹
摠,手竹田心
搿,手人口手
摎,手尸一竹
撇,手火月大
摽,手一田火
撤,手卜月大
撰,手口山金
摯,土戈手
撱,手弓中月
撞,手卜廿土
摨,手尸卜手
撘,手竹人口
播,手竹木田
撥,手弓人水
撮,手日尸水
撐,手火月手
撜,手弓人廿
撏,手尸一戈
撙,手廿田戈
撗,手廿一金
撅,手一廿人
撬,手竹山山
撲,手廿金人
撟,手竹大月
撋,手日弓土
撠,手十十戈
撢,手一田十
撫,手人廿火
撩,手大金火
撒,手廿月大
撈,手火火尸
撳,手金弓人
撕,手廿金中
摰,土戈手
摮,土大手
撊,手日弓月
撣,手口口十
撚,手月大火
撌,手中一金
撓,手土土山
撖,手一十大
摩,戈木手
摹,廿日大手
擅,手卜田一
擗,手尸口十
據,手卜心人
擙,手竹月大
撽,手竹尸大
擐,手田中女
撿,手人一人
擃,手廿田女
擉,手田中戈
擏,手廿口大
擋,手火月田
擛,手廿心木
擔,手弓金口
撼,手戈口心
擂,手一月田
擁,手卜女土
撻,手卜土手
擖,手廿日女
撾,手卜月月
操,手口口木
擒,手人卜月
擇,手田中十
擄,手卜心尸
撉,卜大手
擦,手十月火
擎,廿大手
擫,手一日大
擰,手十心弓
擯,手十一金
擘,尸十手
擬,手心大人
擩,手一月月
擢,手尸一土
擤,手竹山中
擊,十水手
擱,手日弓口
擨,手竹山人
擭,手廿人水
擣,手土弓戈
擠,手卜難
擽,手女戈木
擾,手一月水
攃,手廿月火
擸,手女女女
攄,手卜心心
擺,手田中心
攆,手手人十
擿,手卜卜月
擻,手中女大
擳,手竹日中
擲,手廿大中
擷,手土口金
擼,手弓田日
攁,手廿人女
擴,手戈廿金
攐,手十廿女
攇,手十手心
攀,木木大手
攌,手田田女
攉,手一月土
攎,手卜心廿
攍,手卜口弓
攏,手卜月心
攘,手卜口女
攗,手戈心木
攔,手日弓田
攕,手人戈一
攖,手月金女
攙,手弓口戈
攓,手十廿人
攛,手十金女
攜,手山人月
攝,手尸十十
攡,手卜月土
攠,手戈木卜
攢,手竹山金
攤,手廿人土
攦,手一一心
攣,女火手
攥,手竹月火
攫,手月山水
攩,手火月火
攪,手竹月山
攬,手尸田山
攭,手女人戈
攮,手十月女
支,十水
攲,大口十水
攳,十水尸一戈
收,女中人大
攷,一尸人大
攻,一人大
改,尸山人大
攸,人中人大
放,卜尸人大
攽,金竹人大
敁,卜口卜水
故,十口人大
敃,口心人大
政,一一人大
效,卜大人大
敉,火木人大
敆,人口卜水
敊,卜火卜水
敏,人卜人大
敗,月金人大
敔,一口人大
敖,土尸人大
敝,火月人大
敕,木中人大
敓,金山人大
教,十木人大
敘,人木人大
救,戈水人大
敪,水水水水水
敧,大口卜水
敜,人心人大
敥,火火卜水
散,廿月人大
敤,田木卜水
敨,卜口人大
敢,一十人大
敦,卜木人大
敞,火月人大
敯,口日卜水
敬,廿口人大
敲,卜月卜水
敳,山廿人大
敶,弓中木田大
敵,卜月人大
敺,尸口卜水
敷,戈尸人大
敹,卜木人大
敻,弓月月山水
數,中女人大
敿,竹月人大
敼,土口卜水
整,木大一卜一
斃,火大一弓心
斁,田十人大
斀,田戈卜水
斂,人人人大
斄,十大一木人
文,卜大
斑,一土卜大土
斌,卜大一心一
斐,中卜卜大
斒,卜大竹尸月
斔,卜戈竹難人
斕,卜大日弓田
斖,卜大竹月一
斗,卜十
料,火木卜十
斜,人木卜十
斛,弓月卜十
斞,竹人卜十
斝,口口月卜十
斟,廿女卜十
斡,十十人卜十
斠,廿月卜十
斢,廿金卜十
斤,竹一中
斥,竹一卜
斧,金大竹一中
斨,女一竹一中
斫,一口竹一中
斪,心口竹一中
斬,十十竹一中
斮,廿日竹一中
斯,廿金竹一中
新,卜木竹一中
斳,廿一竹一中
斲,口一竹一中
斶,竹中田中戈
斷,女戈竹一中
斸,尸戈竹一中
方,卜竹尸
於,卜尸人卜
斻,卜尸人竹弓
斿,卜尸人弓木
施,卜尸人心木
旅,卜尸人竹女
旁,卜月卜竹尸
旆,卜尸人十月
旂,卜尸人竹中
旄,卜尸人竹山
旃,卜尸人月卜
旌,卜尸人竹一
旋,卜尸人弓人
族,卜尸人人大
旎,卜尸人尸心
旍,卜尸人人戈
旒,卜尸人卜山
旐,卜尸人中人
旓,卜尸人火月
旗,卜尸人廿金
旖,卜尸人大口
旚,卜尸人一火
旛,卜尸人竹田
旝,卜尸人人日
旞,卜尸卜人人
旟,卜尸人竹金
旡,一女大山
既,日戈一女山
日,日
旦,日一
旮,大弓日
旬,心日
旭,大弓日
旯,日大弓
旨,心日
早,日十
旵,日山
旱,日一十
旰,日一十
旳,日心戈
旲,日大
旴,日一木
易,日心竹竹
明,日月
昀,日心戈一
旻,日卜大
旼,日卜大
昋,竹大日
昄,日竹水
旽,日心山
昍,日日
昐,日金尸竹
昈,日竹尸
昕,日竹一中
昂,日竹女中
昊,日一大
昉,日卜竹尸
昅,日弓竹水
曶,心竹日
昆,日心心
旺,日一土
昌,日日
昇,日竹廿
昔,廿日
昃,日一人
昑,日人戈弓
昒,日心竹竹
昏,竹心日
昜,日一尸竹
昤,日人戈戈
昴,日竹竹中
昧,日十木
昹,日戈弓水
映,日中月大
昺,日一人月
昱,日卜廿
昝,竹人日
昵,日尸心
是,日一卜人
星,日竹手一
昨,日竹尸
昢,日山山
昡,日卜女戈
昫,日心口
昶,戈水日
春,手大日
昦,日大中中
昳,日竹手人
昲,日中中弓
昭,日尸竹口
昮,日一大尸
晉,一戈戈日
晒,日一金田
時,日土木戈
晏,日十女
晌,日竹月口
晊,日一戈土
晅,日一日一
晑,日竹月口
晇,日大一尸
晃,日火一山
晁,日中一人
晟,日戈竹尸
晢,手中日
晡,日戈十月
晤,日一一口
晥,日十一山
晚,日弓日山
晨,日一一女
晝,中土日一
晦,日人田卜
晙,日戈金水
晛,日月山山
晞,日大大月
晜,日金弓竹
智,人口日
晸,日一一大
晱,日火火
暀,日竹人土
晰,日木竹中
暑,日十大日
晪,日廿月金
晹,日日心竹
晶,日日日
晼,日十弓山
景,日卜口火
晴,日手一月
普,廿金日
晾,日卜口火
晬,日卜人十
朁,一山日
晻,日大中山
晷,日竹人口
晲,日竹難山
暙,日手大日
暊,日一月金
暔,日十月十
暕,日木田火
暆,日卜尸木
暈,日月十十
暉,日月十十
暇,日口卜水
暍,日日心女
暘,日日一竹
暌,日弓人大
暋,口大日
暗,日卜廿日
暖,日月一水
暄,日十一一
暐,日木一手
暨,日山日一
暢,中中日一竹
暡,日金戈一
暠,日卜口月
暟,日山一廿
暝,日月日金
暪,日廿中月
暫,十中日
暵,日廿中人
暯,日廿日大
暴,日廿金水
暷,日十戈戈
暰,日竹人人
暩,日月人火
暱,日尸廿口
暮,廿日大日
暲,日卜廿十
曏,日女竹中
曉,日土土山
曈,日卜廿土
曊,日中弓金
暽,日火木手
暻,日日卜火
曋,日一田十
曀,日土月廿
曇,日一月戈
曌,日月十金一
暸,日大金火
曆,一木日
暺,日口口十
暾,日卜木大
曄,日廿一十
暹,卜日人土
曖,日月月水
曙,日田中日
曒,日竹尸大
曛,日竹土火
曚,日廿月人
曜,日尸一土
曘,日一月月
曠,日戈廿金
曝,日日廿水
曞,日一廿月
曤,日一月土
曨,日卜月心
曣,日廿中火
曦,日廿土尸
曩,日卜口女
曬,日一一心
曫,女火日
曮,日口口大
曭,日火月火
曰,日
曲,廿田
曳,中田心
更,一中田大
曷,日心女人
書,中土日
曹,廿田日
曼,日田中水
替,手人日
曾,金田日
最,日尸十水
會,人一田日
朄,中中木田火
朅,土戈日心女
月,月
有,大月
服,月尸中水
朊,月一一山
朋,月月
朏,月山山
朐,月心口
朓,月中一人
朒,月人月人
朗,戈戈月
朔,廿山月
朕,月廿大
望,卜月竹土
朘,月戈金水
期,廿金月
朝,十十月
朠,月廿中大
朡,月山金水
朢,尸月竹土
朣,月卜廿土
朦,月廿月人
朧,月卜月心
木,木
朮,戈十金
本,木一
未,十木
札,木山
末,木十
朾,木一弓
朿,木月
朽,木一女尸
朼,木心
朵,竹弓木
朹,木大弓
朱,竹十木
朳,木金
朻,木女中
朴,木卜
机,木竹弓
朸,木大尸
杇,木一一尸
杍,木弓木
李,木弓木
杏,木口
村,木木戈
杞,木尸山
杕,木大
杖,木十大
杓,木心戈
杙,木戈心
束,木中
杝,木心木
材,木木竹
杜,木土
杋,木竹弓戈
杅,木一木
杚,木人弓
杆,木一十
杌,木一山
杗,卜女木
杈,木水戈
杠,木一
杉,木竹竹竹
杵,木人十
松,木金戈
杬,木一一山
枋,木卜竹尸
杷,木日山
杲,日木
枌,木金尸竹
枆,木竹手山
枑,木一女一
杹,木人心
枙,木一尸山
枔,木人戈弓
枎,木手人
東,木田
枓,木卜十
杺,木心
柉,木竹戈人
枃,木心戈一
杽,木手
果,田木
杼,木弓戈弓
枇,木心心
枅,木一廿
枉,木一土
板,木竹水
枕,木中月山
极,木弓竹水
构,木心戈
杻,木弓土
杸,木竹弓水
枝,木十水
杭,木卜竹弓
枟,木一一戈
林,木木
杴,木弓人
枘,木人月
杪,木火竹
析,木竹一中
枚,木人大
杳,木日
枍,木金一尸
杯,木一火
杶,木心山
杰,木火
枒,木一女竹
柜,木尸尸
柞,木竹尸
枯,木十口
柘,木一口
枴,木口尸竹
柬,木田火
柰,木一一火
柀,木木竹水
枲,戈口木
柯,木一弓口
柼,木十金
染,水弓木
架,大口木
枸,木心口
枳,木口金
枰,木一火十
柩,木尸弓人
柧,木竹女人
枷,木大尸口
柷,木口竹山
柏,木竹日
柑,木廿一
柍,木中月大
柸,木一火一
柎,木人木戈
枹,木心口山
柤,木月一
柈,木火手
枻,木心廿
柁,木十心
柝,木竹一卜
枵,木口一尸
柿,木卜中月
柪,木女戈尸
柫,木中中弓
柌,木尸一口
柟,木土月
柙,木田中
柳,木竹竹中
柶,木田金
查,木日一
柂,木人心木
柵,木月廿
某,廿一木
柃,木人戈戈
枮,木卜口
柒,水心木
柆,木卜廿
柋,人心木
柛,木中田中
柅,木尸心
柣,木竹手人
柄,木一人月
柊,木竹水卜
柲,木心竹
柺,木口竹尸
柔,弓竹木
柢,木竹心一
柮,木山山
柚,木中田
柱,木卜土
桏,木一弓中
柭,木戈大大
枺,木木十
柦,木日一
桃,木中一人
栱,木廿金
栘,木弓戈弓
核,木卜女人
桑,水水水木
栻,木戈心一
框,木尸一土
桓,木一日一
桂,木土土
桐,木月一口
桁,木竹人弓
柴,卜心木
桄,木火一山
栓,木人一土
栲,木十大尸
栩,木尸一一
栟,木廿廿
栠,人土木
桍,木大一尸
栯,木大月
栮,木尸十
桌,卜日木
梳,木卜戈山
栜,木月木月
栺,木心日
栨,木戈一人
栒,木心日
栗,一田木
栵,木一弓弓
栳,木十大心
栝,木竹十口
栖,木一金田
栔,手竹木
梛,木尸手中
栦,木戈中中
栥,戈人木
栴,木人月卜
校,木卜金大
根,木日女
桔,木土口
栭,木一月中
桎,木一戈土
栚,木廿大
桋,木大弓
桀,弓手木
格,木竹水口
栫,木大中木
桅,木弓一山
株,木竹十木
案,十女木
桉,木十女
栽,十戈木
梭,木戈金水
梩,木田土
桭,木一一女
梨,竹弓木
梢,木火月
梧,木一一口
梁,水戈木
桹,木戈日女
梱,木田木
梣,木山人弓
桵,木月女
梀,木木中
梅,木人田卜
梂,木戈十水
梠,木口竹口
梆,木手十中
梇,木一土廿
梑,木大竹火
梪,木一口廿
梵,木木竹弓戈
梖,木月山金
梐,木心心土
梲,木金口山
桴,木月弓木
梡,木十一山
梋,木口月
梜,木大人人
梊,木中木
梬,木中田尸
梤,木山金竹
桮,木一火口
桲,木十月木
梫,木尸一水
梉,木女一土
桾,木尸大口
桻,木竹水十
梒,木人戈口
桽,木人人土
桼,木人水
桸,木大大月
梌,木人一木
楖,木日戈中
梗,木一中大
桫,木水火竹
桿,木日一十
梏,木竹土口
梮,木尸尸口
桶,木弓戈月
條,人中人木
梃,木弓大土
械,木戈廿
桯,木口竹土
梯,木金弓竹
棄,卜戈廿木
梟,竹日卜木
桷,木弓月土
梓,木卜廿十
梔,木竹一山
桱,木一女一
椋,木卜口火
棶,木木人人
棞,木田竹木
棝,木田十口
椏,木一中一
棤,木廿日
棒,木手大手
棆,木人一月
椕,木金竹木
椔,木女女田
棎,木月金木
椆,木月土口
棴,木月尸水
棯,木人戈心
棱,木土金水
棇,木金戈心
椥,木人大口
棈,木手一月
棑,木中一卜
棉,木竹日月
棕,木十一火
棧,木戈戈
棹,木卜日十
椄,木卜廿女
棪,木火火
棌,木月木
椪,木廿廿金
棳,木水水水
棫,木戈口一
棚,木月月
植,木十月一
棷,木尸十水
椒,木卜火水
棠,火月口木
棗,木月木月
楰,木竹難人
森,木木木
棸,尸水木
棦,木月尸木
棘,木月木月
梴,木弓大一
棓,木卜廿口
棡,木月廿山
棼,木木金尸竹
棋,木廿一金
椑,木竹竹十
棣,木中水
椎,木人土
棵,木田木
椈,木心火木
棖,木尸一女
椅,木大一口
棔,木竹心日
棽,木木人戈弓
棲,木十中女
棨,竹大木
棍,木日心心
棜,木卜尸卜
椌,木十金一
棻,廿金尸木
椇,木月一金
椗,木十一人
楮,木十大日
椊,木卜人十
椐,木尸十口
椓,木一尸人
棐,中卜木
棟,木木田
棬,木火手山
棺,木十口口
楢,木廿金田
楱,木手大大
楩,木人一大
楹,木弓尸廿
楊,木日一竹
楅,木一口田
楂,木木日一
業,廿金廿木
楉,木廿大口
楄,木竹尸月
椸,木卜尸木
楪,木心廿木
楔,木手竹大
椴,木竹十水
楦,木十一一
楥,木月一水
楯,木竹十山
楟,木卜口弓
楚,木木弓卜人
楈,木弓人月
楎,木月十十
椹,木廿一女
椿,木手大日
棰,木竹十一
椼,木竹人弓
楺,木弓竹木
椰,木尸十中
楸,木竹木火
椽,木女弓人
楘,弓大木
楣,木日竹山
楙,木弓竹木
楓,木竹弓戈
楜,木十口月
椷,木戈竹口
椵,木口卜水
椳,木田一女
榔,木戈戈中
楶,戈人口木
楷,木心心日
楗,木弓大手
楫,木口尸十
楨,木卜月金
楞,木田中尸
楝,木木田火
極,木一水一
楁,木十竹口
概,木日戈山
楛,木廿十口
椻,木尸日女
棩,木中難中
楠,木十月十
椯,木山一月
楒,木田心
楏,木大土土
楋,木木中弓
楀,木竹中月
榆,木人一弓
楻,木竹日土
楌,木卜竹竹
楬,木日心女
楑,木弓人大
椲,木木一手
楴,木卜月月
榰,木十心日
榼,木土戈廿
榥,木日火山
榾,木月月月
槐,木竹戈
槂,木弓木火
榑,木戈月戈
榭,木竹竹戈
構,木廿廿月
榻,木日尸一
榧,木尸中卜
榎,木一山水
槄,木月竹難
榨,木十金尸
槓,木一月金
槁,木卜口月
榤,木弓手木
榖,土木竹弓水
榮,火火月木
槔,木竹日十
榦,十十人木
榚,木廿土火
榗,木一戈日
榞,木一竹火
榳,木戈弓土
榪,木尸手火
槆,木廿心日
榙,木廿人口
榷,木人月土
榵,木廿尸十
榠,木月日金
榩,木卜心大
槏,木廿難金
榹,木竹卜山
榴,木竹竹田
槙,木十月金
樄,木弓中田
榐,木尸廿女
榓,木心竹廿
榶,木戈中口
樆,木卜山月
槉,木大人大
榽,木月女大
榡,木手一火
榛,木手大木
榬,木土口女
槍,木人戈口
榯,木日土戈
榫,木人土十
槊,廿月木
榣,木月人山
槌,木卜竹口
榱,木卜田女
榍,木尸火月
槃,竹水木
榕,木十金口
槎,木廿手一
榿,木山一廿
榜,木卜月尸
樉,木大大大
槭,木戈竹火
槿,木廿中一
槶,木田戈一
樦,木竹卜土
樇,木人中月
樛,木尸一竹
槦,木戈中月
樈,木戈廿山
槴,木竹尸山
槫,木十戈戈
樅,木竹人人
樀,木卜心月
標,木一田火
樔,木女女木
槤,木卜十十
槧,十中木
樊,木木大
樁,木手大難
樟,木卜廿十
槽,木廿田日
樕,木木中人
樍,木手一金
樥,木廿竹十
槳,女戈木
槨,木卜木中
槸,木土土戈
樖,人一口口
樝,木卜心一
槲,木弓月十
樠,木廿中月
樞,木尸口口
樗,木一月尸
槬,木大尸人
樓,木中田女
槼,手山木
模,木廿日大
樘,木火月土
槾,木日田水
槻,木手人山
樂,女戈木
槥,木手十一
樧,木大金水
槮,木戈戈竹
樑,木水戈木
槷,土戈木
槢,木尸一日
槱,木一田火
樣,木廿土水
樏,木田女火
橇,木竹山山
橋,木竹大月
橙,木弓人廿
樲,木戈心金
橤,心心心木
橛,木一廿人
橪,木月大火
樵,木人土火
橝,木一田十
樹,木土廿戈
樿,木口口十
橦,木卜廿土
橈,木土土山
樾,木土人女
樸,木廿金人
橁,木竹心日
橚,木中難
橕,木火月竹
樨,木尸卜手
橆,人廿木木
樼,木尸弓木
橞,木十戈心
橎,木竹木田
橠,木卜弓女
橡,木弓日人
橶,木十十戈
橏,木廿土口
橯,木火火尸
橍,木日弓土
橀,木卜山廿
橄,木一十大
樴,木卜戈日
橧,木金田日
機,木女戈戈
樽,木廿田戈
橖,木火月木
橭,木十口十
橉,木火木手
檖,木卜廿人
橐,十月一口木
橑,木大金火
樻,木中一金
樺,木廿一十
橘,木弓竹月
橔,木卜木大
橨,木十廿金
橢,木弓中月
橫,木廿一金
檤,木卜廿山
橩,木火火弓
檑,木一月田
檓,木竹土水
檎,木人卜月
檠,廿大木
檜,木人一日
檁,木卜田木
檦,木一火弓
檅,木卜一竹
橾,木口口木
檌,木田中卜
檗,尸十木
檥,木廿土戈
檍,木卜廿心
檛,木卜月月
檄,木竹尸大
檀,木卜田一
檔,木火月田
檕,十水木
檢,木人一人
檞,木弓月手
櫛,木竹日中
橿,木一田一
檟,木一田金
檡,木田中十
檣,木土人田
檚,木木木人
檐,木弓金口
檃,弓尸木
檨,木廿土人
檇,木人土尸
檉,木尸口土
檬,木廿月人
檻,木尸戈廿
檽,木一月月
櫃,木尸中金
檳,木十一金
櫅,木卜難
櫂,木尸一土
櫡,木竹十日
檮,木土弓戈
檸,木十心弓
檯,木土口土
檹,木卜尸口
檴,木廿人水
檭,木金日女
檺,木卜口人
櫇,木木水金
檶,木大尸口
櫆,木竹戈十
檷,木一火月
櫫,一日木
櫧,木卜口日
櫚,木日弓口
櫐,田田田木
櫜,十月竹人木
櫟,木女戈木
櫌,木一月水
櫑,木田田田
櫥,木戈土戈
櫏,木卜一山
櫙,木廿尸口
櫋,木竹山尸
櫝,木土田金
櫓,木弓田日
櫠,木戈弓水
櫍,木竹中金
櫞,木女火人
櫯,木弓火木
櫬,木卜木山
櫰,木卜田女
櫮,木一土口
櫪,木一木一
櫹,木廿中難
櫳,木卜月心
櫨,木卜心廿
櫱,山十木
欀,木卜口女
欂,木廿水戈
櫸,木竹金手
欄,木日弓田
櫼,木人戈一
櫻,木月金女
欃,木弓口戈
櫺,木一月口
欋,木月山土
權,木廿口土
欈,木山人月
欉,木廿金水
欑,木竹山金
欒,女火木
欏,木田中土
欐,木一一心
欙,木田田火
欖,木尸田山
欚,木女人戈
欗,木廿日田
欓,木火月火
欘,木尸卜戈
欞,木一月一
欠,弓人
次,戈一弓人
欣,竹中弓人
欥,日弓人
欨,心口弓人
欱,人口弓人
欯,土口弓人
欭,田大弓人
欬,卜人弓人
欳,卜月弓人
欸,戈大弓人
欶,木中弓人
欲,金口弓人
欷,大月弓人
欴,戈戈弓人
欺,廿金弓人
欹,大口弓人
欽,金弓人
欻,火火弓人
款,土火弓人
欿,弓難弓人
歇,日女弓人
歂,山月弓人
歁,廿女弓人
歅,一土弓人
歃,竹難弓人
歆,卜日弓人
歈,人弓弓人
歍,竹火弓人
歌,一口弓人
歋,竹山弓人
歉,廿金弓人
歊,卜月弓人
歑,卜木弓人
歎,廿人弓人
歐,尸口弓人
歖,土口弓人
欼,水水水水人
歕,十金弓人
歔,卜一弓人
歙,人一弓人
歜,田戈弓人
歛,人人弓人
歟,竹金弓人
歞,日火弓人
歠,水田弓人
歡,廿土弓人
止,卜中一
正,一卜中一
此,卜一心
步,卜中一竹
武,一心卜中一
歧,卜一十水
歪,一火一卜一
歭,卜一土木戈
歲,卜一戈竹竹
歶,卜心田中月
歷,一木卜中一
歸,竹一尸一月
歹,一弓戈
死,一弓心
殀,一弓竹大
歿,一弓弓水
歾,一弓心竹竹
殆,一弓戈口
殂,一弓月一
殄,一弓人竹竹
殃,一弓中月大
肂,一弓中手
殉,一弓心日
殈,一弓竹月廿
殊,一弓竹十木
殎,一弓大人人
殍,一弓月弓木
殌,一弓一女一
殏,一弓戈十水
殑,一弓十口山
殗,一弓大中山
殖,一弓十月一
殘,一弓戈戈
殙,一弓竹心日
殕,一弓卜廿口
殔,一弓中水
殛,一弓一水一
殞,一弓口月金
殟,一弓田人廿
殠,一弓竹山大
殥,一弓十一金
殦,一弓竹日火
殢,一弓大心月
殤,一弓人日竹
殣,一弓廿中一
殪,一弓土月廿
殧,一弓卜火山
殫,一弓口口十
殮,一弓人一人
殭,一弓一田一
殯,一弓十一金
殰,一弓土田金
殲,一弓人戈一
殳,竹弓水
段,竹十竹弓水
殶,卜土竹弓水
殷,竹尸竹弓水
殺,大金竹弓水
殽,大月竹弓水
殼,土弓竹弓水
毀,竹土竹弓水
殿,尸金竹弓水
嗀,土口竹弓水
毃,卜月竹弓水
毄,十口竹弓水
毅,卜人竹弓水
毆,尸口竹弓水
毇,竹木竹弓水
毈,竹竹尸中水
毉,尸水一人人
毊,土水竹大月
毌,田十
毋,田十
母,田卜戈
每,人田卜戈
毐,土田十
毒,手一田卜戈
毓,人卜卜戈山
比,心心
毖,心心心竹
毗,田心心
毘,田心心
毚,弓口心心戈
毛,竹手山
毞,心心竹手山
毠,大口竹手山
毨,竹山竹土山
毣,尸一竹手山
毦,尸十竹手山
毧,竹山戈十
毢,竹山一金田
毤,金山竹手山
毫,卜口月山
毬,竹山戈十水
毰,竹山卜廿口
毯,竹山火火
毳,竹山竹山山
毲,水水水水山
毷,日山竹手山
毸,竹山田心
毹,人弓竹手山
毼,日女竹手山
毽,竹山弓大手
毻,大月竹手山
毾,日一竹手山
毿,戈竹竹手山
氁,竹山廿日大
氀,中女竹手山
氂,十大一竹山
氅,火大竹手山
氄,弓月竹手山
氃,卜土竹手山
氆,竹山廿金日
氈,卜一竹手山
氉,口木竹手山
氋,廿人竹手山
氌,竹山弓田日
氍,月土竹手山
氏,竹女心
氐,竹心一
民,口女心
氓,卜女口女心
气,人一弓
氕,人弓中
氘,人弓中中
氖,人弓弓竹尸
氙,人弓山
氚,人弓中中中
氝,人弓人月
氛,人弓金尸竹
氟,人弓中中弓
氡,人弓竹水卜
氠,人弓中田中
氨,人弓十女
氧,人弓廿手
氤,人弓田大
氥,人弓一金田
氣,人弓火木
氦,人弓卜女人
氫,人弓一女一
氪,人弓十口山
氯,人弓女弓水
氬,人弓一中一
氮,人弓火火
氰,人弓手一月
氳,人弓田人廿
水,水
氾,水尸山
汁,水十
氿,水大弓
汀,水一弓
氻,水大尸
汃,水金
永,戈弓水
氶,弓水
汒,水卜女
汊,水水戈
汍,水大弓戈
汕,水山
汝,水女
汏,水大
汜,水口山
汆,人水
汛,水弓十
池,水心木
汙,水一木
汋,水心戈
污,水一一尸
汎,水竹弓戈
汌,水中中中
汗,水一十
汐,水弓戈
江,水一
汔,水人弓
汸,水卜竹尸
沆,水卜竹弓
汯,水大戈
沚,水卜中一
沌,水心山
汥,水十水
沄,水一一戈
汻,水人十
沎,水人心
沃,水竹大
汱,水戈大
汪,水一土
沇,水戈竹山
汞,一水
汫,水廿廿
汧,水一廿
汽,水人一弓
沋,水戈大山
汩,水日
汭,水人月
汦,水竹女心
沂,水竹一中
沍,水一女一
汾,水金尸竹
沖,水中
沉,水月竹山
汨,水日
沈,水中月山
沏,水心尸竹
沁,水心
沕,水心竹竹
沘,水心心
沜,水中中中
沙,水火竹
沔,水一中尸
汴,水卜卜
汳,水竹水
汶,水卜大
沛,水十月
沒,水弓水
沅,水一一山
汲,水弓竹水
求,戈十水
沐,水木
汰,水大戈
決,水木大
泂,水月口
泇,水大尸口
沾,水卜口
沝,水水
泞,水十一弓
泒,水竹女人
沼,水尸竹口
沶,水一一火
注,水卜土
沽,水十口
泯,水口女心
沬,水十木
泓,水弓戈
泃,水心口
泥,水尸心
沫,水木十
泔,水廿一
泖,水竹竹中
河,水一弓口
油,水中田
沰,水一口
泐,水弓中尸
沭,水戈十金
泗,水田金
泝,水竹一卜
泳,水戈弓水
泧,水戈女
沿,水金口
泱,水中月大
沺,水田
泑,水女戈尸
泆,水竹手人
泲,水中難竹
泙,水一火十
泹,水日一
泡,水心口山
沴,水人竹竹
泫,水卜女戈
沮,水月一
泠,水人戈戈
泮,水火手
泬,水十金
泄,水心廿
泣,水卜廿
沱,水十心
泀,水尸一口
洰,水尸尸
沷,水戈大大
沓,水日
波,水木竹水
泛,水竹戈人
沊,中山水
泊,水竹日
治,水戈口
泜,水竹心一
涻,水人一口
法,水土戈
泌,水心竹
沸,水中中弓
泏,水山山
沀,水弓戈弓
泭,水人木戈
況,水口竹山
泩,水竹手一
泅,水田人
泍,水木一
津,水中手
洨,水卜金大
洬,水竹弓弓
洼,水土土
洳,水女口
洭,水尸一土
洷,水一戈土
洹,水一日一
洠,水戈竹手
浀,水廿田
洞,水月一口
洃,水大火
洈,水木弓山
洟,水大弓
洄,水田口
洿,水大一尸
泉,竹日水
活,水竹十口
泚,水卜一心
洮,水中一人
洇,水田大
洲,水戈中中
洐,水竹人弓
洩,水中田心
洉,水竹一口
洱,水尸十
洢,水人尸大
洪,水廿金
洶,水心山大
洋,水廿手
洏,水一月中
洽,水人一口
洑,水人戈大
洗,水竹土山
洁,水土口
洀,水竹月卜
洌,水一弓弓
洛,水竹水口
浂,水廿大
洴,水廿廿
洝,水十女
派,水竹竹女
泵,一口水
洎,水竹月山
洺,水弓戈口
洧,水大月
洘,水十大尸
流,水卜戈山
洸,水火一山
洫,水竹月廿
洵,水心日
洊,水大中木
洙,水竹十木
洒,水一金田
浤,水十大戈
涄,水中田尸
涑,水木中
涅,水日土
涊,水尸戈心
涉,水卜中竹
浺,水心中
浯,水一一口
涌,水弓戈月
涀,水月山山
涋,水十戈大
浼,水弓日山
消,水火月
涕,水金弓竹
洖,水口女大
泰,手大水
涂,水人一木
涔,水山人弓
淯,水卜戈月
浴,水金人口
涐,水竹手戈
浰,水竹木弓
浬,水田土
浡,水十月木
浵,水月卜竹
涗,水金口山
浪,水戈日女
涍,水十大木
浦,水戈十月
涒,水尸大口
涃,水田木
浿,水月山金
浽,水月女
浞,水口卜人
浢,水一口廿
浟,水人中大
涓,水口月
浻,水月金口
浾,水土中金
洚,水竹水手
海,水人田卜
浚,水戈金水
浙,水手竹中
浩,水竹土口
浨,水十木
涘,水戈人大
涆,水日一十
浶,水十竹手
浥,水口日山
浸,水尸一水
洍,水尸中中
浹,水大人人
浣,水十一山
浭,水一中大
浧,水口竹土
浠,水大大月
浮,水月弓木
洯,手竹水
涇,水一女一
淒,水十中女
淑,水卜火水
淈,水尸山山
淛,水竹月弓
淰,水人戈心
淢,水戈口一
淉,水田木
淕,水土金土
淳,水卜口木
淗,水心火木
淽,水廿卜一
淓,水廿卜尸
淋,水木木
淐,水日日
淅,水木竹中
淍,水月土口
淣,水竹難山
淚,水竹尸大
淜,水月月
淥,水女弓水
淴,水心竹心
淆,水大大月
涯,水一土土
淖,水卜日十
涪,水卜廿口
淝,水月日山
湴,水廿廿金
淠,水田一中
涫,水十口口
涽,水竹心日
深,水月金木
淪,水人一月
渚,水十大日
涮,水尸月弓
淲,水卜心山
浘,水尸竹山
淩,水土金水
涼,水卜口火
淶,水木人人
淦,水金
淹,水大中山
淨,水月尸木
淄,水女女田
淘,水心人山
淌,水火月口
渀,水大十廿
淭,水竹尸木
淤,水卜尸卜
淺,水戈戈
淟,水廿月金
淔,水十月一
淮,水人土
淊,水弓竹難
涎,水弓大一
淡,水火火
涴,水十弓山
淙,水十一火
液,水卜人大
淫,水月竹土
涳,水十金一
淏,水日一大
涺,水尸十口
添,水竹大心
涷,水木田
涾,水水日
清,水手一月
涵,水弓山水
淬,水卜人十
涿,水一尸人
淂,水日一戈
混,水日心心
淇,水廿一金
涬,水土廿十
涸,水田十口
淀,水十一人
淞,水木金戈
淵,水中難中
湥,水十金大
湔,水廿月弓
湟,水竹日土
湦,水日竹一
湯,水日一竹
湸,水卜口山
渣,水木日一
湠,水山一火
湘,水木月山
渨,水田一女
湹,水一田土
湖,水十口月
渙,水弓月大
湕,水弓大手
湷,水手大日
渥,水尸一土
渱,水中戈一
湤,水卜尸木
湑,水弓人月
渫,水心廿木
渜,水一月大
渵,水廿田
湓,水金尸廿
湁,水手心口
渿,水木一火
渻,水火竹山
湍,水山一月
渟,水卜口弓
溲,水竹難水
湉,水心竹口
渽,水十戈口
湞,水卜月金
湳,水十月十
湀,水弓人大
渶,水廿中大
湚,水中女山
湫,水竹木火
滋,水廿女戈
渾,水月十十
渭,水田月
湋,水木一手
渮,水廿一口
湱,水手十口
湜,水日一人
溉,水日戈山
渦,水月月口
渹,水心卜口
溈,水戈大火
港,水廿金山
湧,水弓月尸
湅,水木田火
湨,水月山大
減,水戈竹口
湝,水心心日
渲,水十一一
湮,水一田土
湆,水卜廿日
渠,水尸木
湲,水月一水
湡,水田中月
渝,水人一弓
渃,水廿大口
渴,水日心女
渰,水人一廿
游,水卜尸木
湇,水卜廿月
渢,水竹弓戈
測,水月金弓
湩,水竹十土
湊,水手大大
湎,水一田中
渧,水卜月月
渼,水廿土大
湛,水廿一女
湣,水口心日
湃,水竹手十
渡,水戈廿水
渺,水月山竹
淼,水水水
湄,水日竹山
渤,水十木尸
渳,水弓尸十
湢,水一口田
滄,水人戈口
溢,水廿金廿
溠,水廿手一
準,水土十
滀,水卜女田
滁,水弓中木
溱,水手大木
溴,水竹山大
溔,水廿土火
溪,水月女大
源,水一竹火
溶,水十金口
滖,水卜田女
滔,水月竹難
滃,水金戈一
滐,水弓手木
溽,水一女戈
溫,水田人廿
溳,水口月金
溏,水戈中口
滈,水卜口月
溷,水田一人
滓,水十卜十
溙,水手大水
滜,水竹日十
溾,水竹戈
溰,水山一廿
滒,水一口口
溹,水手一火
溛,水十金人
湒,水口尸十
溝,水廿廿月
滘,水月金口
滉,水日火山
滆,水一口月
溒,水土口女
溍,水一戈日
溤,水尸手火
溘,水土戈廿
溞,水水戈戈
滑,水月月月
溎,水木土土
漍,水田戈一
滇,水十月金
滍,水山一戈
溣,水人人月
溗,水竹木心
滊,水人弓木
溿,水田火手
溡,水日土戈
滏,水金大土
滅,水戈竹火
溥,水戈月戈
溺,水弓一一
溦,水山山大
溓,水廿難金
滂,水卜月尸
溮,水竹口月
溜,水竹竹田
溧,水一田木
溯,水廿山月
溼,水一女土
溟,水月日金
漜,水木木土
滼,水木木弓
演,水十一金
漊,水中田女
漺,水大大大
滸,水卜口十
漹,水一卜火
滽,水戈中月
潎,水火月大
漂,水一田火
漏,水尸一月
漓,水卜山月
滾,水卜金女
漞,水月月山
漣,水卜十十
漒,水弓戈戈
滎,火火月水
漟,水火月土
漡,水人日竹
漇,水竹人人
漅,水女女木
漮,水戈中水
漬,水手一金
潀,水田中人
漢,水廿中人
漃,水十卜水
漸,水十十中
漲,水弓尸女
滲,水戈戈竹
漯,水田女火
漪,水大竹口
潃,水人中月
漱,水木中人
滫,水人中月
漈,水月人火
滯,水大心月
漷,水卜木中
漧,水十十弓
漵,水人木大
漳,水卜廿十
滷,水卜田戈
滱,水十一水
漘,水一女月
潳,水尸十日
滌,水人中木
滮,水卜山竹
滴,水卜金月
漠,水廿日大
滻,水卜竹一
滵,水十心山
漎,水竹人人
漆,水木人水
漭,水廿戈廿
滿,水廿中月
漩,水卜尸人
澈,水卜月大
漼,水山人土
滶,水土尸大
漁,水弓田火
滭,水田廿十
漾,水廿土水
漕,水廿田日
漶,水中中心
漰,水山月月
漉,水戈難心
滹,水卜心木
漻,水尸一竹
漫,水日田水
漚,水尸口口
漙,水十戈戈
漥,十金水土土
滬,水竹尸山
潧,水金田日
潓,水十戈心
潻,水竹木水
澖,水日弓木
潾,水火木手
潕,水人廿火
潸,水十金月
潲,水竹木月
潺,水尸弓木
潯,水尸一戈
漿,女戈水
潷,水竹中手
潪,水人口日
潣,水日弓大
澕,水廿一十
澅,水中土一
潘,水竹木田
潒,水弓日人
濆,水十廿金
澗,水日弓日
澎,水土廿竹
潑,水弓人水
潦,水大金火
澉,水一十大
潔,水手竹火
潶,水田土火
潐,水人土火
潗,水人土木
澋,水日卜火
潛,水一山日
澄,水弓人廿
澂,水山土大
潮,水十十月
潽,水廿金日
潡,水卜木大
漀,土水水
澓,水竹人水
澆,水土土山
澇,水火火尸
潩,水田廿金
潭,水一田十
潫,水火手火
潝,水人一一
潟,水竹難火
滕,月火手水
澌,水廿金中
潠,水口山金
潼,水卜廿土
潢,水廿一金
澔,水竹日口
潿,水田木手
澒,水一一金
澐,水一月戈
潁,心水一月金
潤,水日弓土
澍,水土廿戈
潚,水中難
潏,水弓竹月
漦,十大一水
潬,水口口十
潰,水中一金
澪,水一月戈
濏,水一土竹
澸,水戈口心
澢,水火月田
澫,水廿田月
濨,水廿女心
激,水竹尸大
潞,水口一口
澽,水卜心人
澿,水木木火
澬,水戈人金
澞,水卜心大
澼,水尸口十
濄,水卜月月
澺,水卜廿心
瀄,水竹日中
澣,水十十十
澥,水弓月手
澤,水田中十
澰,水人一人
濊,水卜一竹
濉,水月山土
濇,水土人田
濍,水廿心心
澲,水廿金木
濎,水月山中
濈,水口十戈
澹,水弓金口
澦,水弓弓金
澡,水口口木
濁,水田中戈
濋,水木木人
澮,水人一日
澯,水卜水木
澶,水卜田一
濂,水戈廿金
濃,水廿田女
澠,水口難山
澱,水尸金水
澴,水田中女
澳,水竹月大
澭,水卜女土
澨,水竹一人
澧,水廿田廿
濮,水人廿人
濩,水廿人水
濛,水廿月人
濴,水火火水
濱,水十一金
濤,水土弓戈
澀,水尸戈一
濌,竹土水日
濫,水尸戈廿
濰,水女火土
濡,水一月月
濔,水一火月
濘,水十心弓
濞,水竹山中
濢,水尸一十
濣,水十十十
濠,水卜口人
濦,水月一心
澩,竹月水
濯,水尸一土
濕,水日女火
濭,水廿土廿
濧,水廿土戈
濟,水卜難
濬,水卜月山
濝,水廿金火
濜,水中一廿
濲,水土木水
濷,水水廿月
濼,水女戈木
瀏,水竹金弓
濾,水卜心心
瀆,水土田金
瀍,水戈田土
瀔,水土木水
瀎,水廿木戈
瀋,水十竹田
濿,水一廿月
瀊,水竹水廿
瀀,水一月水
濻,水弓中金
瀦,水一人日
瀁,水廿人女
瀉,水十竹火
瀇,水戈廿金
濺,水月金戈
瀅,水火火土
瀌,水戈心火
瀑,水日廿水
瀙,水卜木山
瀢,水卜中金
瀚,水十十一
瀡,水弓中月
瀛,水卜口弓
瀫,水土火水
瀜,水一月戈
瀨,水木中金
瀟,水廿中難
瀣,水卜水一
瀖,水一月土
瀘,水卜心廿
瀗,水十手心
瀕,水卜竹金
瀠,水火火火
瀩,水竹山金
瀝,水一木一
瀾,水日弓田
瀪,人大竹日水
瀺,水弓口戈
瀰,水弓一月
灂,水月田戈
瀸,水人戈一
瀿,水人大火
瀼,水卜口女
瀵,水火木金
瀲,水人人大
瀱,水田中弓
瀧,水卜月心
瀯,水火火口
瀹,水人一月
灀,水一月山
瀷,水尸一金
瀻,水十戈金
瀴,水月金女
灁,水日弓水
灆,水廿尸廿
灊,水一山月
灄,水尸十十
灈,水月山土
灃,水山十廿
灅,水田田土
灌,水廿口土
灉,水女山土
瀳,水廿戈火
灕,水卜月土
灒,水竹山金
灑,水一一心
瀤,水卜田女
灖,水戈木卜
灗,水中戈一
灘,水廿人土
灚,水竹月山
灛,水日弓十
灝,水日火金
灟,水尸卜戈
灠,水尸田山
灞,水一月月
灡,水廿日田
灣,水女火弓
灢,水十月女
灤,水女火木
灨,水卜十金
灦,水日火金
灥,竹水竹水水
灩,水山廿廿
灪,水木木竹
火,火
灱,火尸竹
灰,大火
灼,火心戈
灴,火一
灺,火心木
灸,弓人火
災,女女火
灶,火土
炎,火火
炚,日火
炕,火卜竹弓
炑,火木
炙,月火
炃,金尸竹火
炔,火木大
炖,火心山
炆,火卜大
炘,火竹一中
炒,火火竹
炄,火弓土
炊,火弓人
炂,火金戈
炓,火卜十
炅,日火
炩,火人戈戈
炴,火中月大
炯,火月口
炡,火一卜一
炬,火尸尸
炾,火口竹山
炰,心山火
炫,火卜女戈
炸,火竹尸
炳,火一人月
炱,戈口火
炤,火尸竹口
炭,山一火
炮,火心口山
炵,火竹水卜
炟,火日一
炷,火卜土
烡,火廿金
烙,火竹水口
烚,火人一口
烈,一弓火
烊,火廿手
烔,火月一口
烏,竹口卜火
烢,火十竹心
烝,弓水一火
烓,火土土
烜,火一日一
烤,火十大尸
烋,人木火
烑,火中一人
烇,火人一土
烆,火竹人弓
烅,火竹月廿
烍,火竹土山
烠,火大月
烞,火木卜
缹,人山火
烘,火廿金
烗,火卜女人
烒,火戈心一
烎,一十火
焀,火金人口
烿,火月卜竹
焍,火金弓竹
焉,一卜中火
烴,火一女一
焂,人大火
焎,手中火
烺,火戈日女
烷,火十一山
烶,火弓大土
焐,火一一口
烹,卜口弓火
烸,火人田卜
焌,火戈金水
焄,尸口火
烰,火月弓木
烽,火竹水十
焗,火尸尸口
焋,女土火
烯,火大大月
烳,火戈十月
焓,火人戈口
烼,火一尸人
焆,火口月
焊,火日一十
焺,火日竹廿
焨,火日月
無,人廿火
焛,日弓火
煮,十日火
焣,尸水火
焥,火十弓山
焲,火卜人大
焟,火廿日
焢,火十金一
焦,人土火
焞,火卜口木
焯,火卜日十
焰,火弓竹難
焮,火竹中人
焙,火卜廿口
焱,火火火
烻,火弓大一
然,月大火
焜,火日心心
焚,木木火
焠,火卜人十
煥,火弓月大
煰,火口口口
煨,火田一女
煓,火山一月
煌,火竹日土
煄,火竹十土
煇,火月十十
煪,火廿金田
煟,火田月
煒,火木一手
煙,火一田土
煃,火大土土
煚,日尸火
煆,火口卜水
煦,日口火
煍,火竹木火
煖,火月一水
煣,火弓竹木
煂,火廿中十
照,日口火
煎,廿月弓火
煡,火弓大手
煐,火廿中大
煠,火心廿木
煋,火日竹一
煝,火日竹山
煲,人木火
煉,火木田火
煔,火火卜口
煁,火廿一女
煸,火竹尸月
煘,竹口竹心一
煬,火日一竹
煩,火一月金
煢,火火月弓十
煞,弓大火
煜,火日卜廿
煤,火廿一木
熔,火十金口
熊,戈心火
熇,火卜口月
熒,火火月火
熙,尸山火
熅,火田人廿
熏,竹土火
煽,火竹尸一
熀,火日火山
熗,火人戈口
熁,火大尸月
熐,火月日金
熂,火人弓木
熉,火口月金
煻,火戈中口
熄,火竹山心
熆,火土戈廿
熯,火廿中人
熳,火日田水
熲,心火一月金
熜,火竹田心
熠,火尸一日
熪,火竹木弓
熩,火竹尸山
熝,火戈難心
熨,尸戈火
熱,土戈火
熥,火卜弓月
熧,竹人火
熞,火尸水土
熟,卜戈火
熵,火卜金月
熚,火田廿十
熤,火尸一廿
熡,火中田女
熬,土大火
熰,火尸口口
熛,火一田火
熾,火卜戈日
燇,火廿田戈
燅,土土火火
燘,火日弓大
燉,火卜木大
燖,火尸一戈
燛,尸尸火
熼,火田廿金
燂,火一田十
熽,火中難
燋,火人土火
燀,火口口十
熿,火廿一金
燆,火竹大月
熹,土口廿火
燜,火日弓心
熸,火一山日
燄,弓難火火
燊,火火火木
燕,廿中心火
燏,火弓竹月
燒,火土土山
燁,火廿一十
燙,水竹火
燚,火火火火
燃,火月大火
燈,火弓人廿
燐,火火木手
燔,火竹木田
燎,火大金火
營,火火月口口
燦,火卜水木
燢,竹月火
燮,火火水
燧,火卜廿人
燲,火大尸金
燨,火廿土戈
燱,火卜廿心
燰,火月月水
燠,火竹月大
燤,火廿田月
燡,火田中十
燥,火口口木
燭,火田中戈
燴,火人一日
燬,火竹土水
爃,火火火木
燸,火一月月
爁,火尸戈廿
燽,火土弓戈
燻,火竹土火
爂,竹月火
燹,一人火
燿,火尸一土
燼,火中一廿
燾,土弓一火
爊,火戈心火
爌,火戈廿金
爆,火日廿水
爍,火女戈木
爇,廿土戈火
爅,火田土土
爐,火卜心廿
爔,火廿土尸
爓,火日弓難
爛,火日弓田
爙,火卜口女
爝,火月田戈
爚,火人一月
爞,火中戈戈
爟,火廿口土
爢,戈木中卜火
爣,火火月火
爦,火尸田山
爧,火一月一
爩,火木木竹
爨,竹月木木火
爪,竹中人
爭,月尸木
爬,竹人日山
爰,月一大水
為,戈大弓火
爵,月田中戈
父,金大
爸,金大日山
爹,金大弓戈弓
爺,金大尸十中
爻,大大
爽,大大大大
爾,一火月大
爿,女中一
牁,女一一弓口
牂,女一廿手
牄,女一人戈口
牆,女一土人田
片,中中一中
版,中中竹水
牉,中中火手
牊,中中尸竹口
牌,中中竹竹十
牋,中中戈戈
牒,中中心廿木
牏,中中人一弓
牓,中中卜月尸
牖,中中竹尸月
牘,中中土田金
牙,一女木竹
牚,火月口一竹
牛,竹手
牟,戈竹手
牝,竹手心
牞,竹手大尸
牡,竹手土
牢,十竹手
牠,竹手心木
牣,竹手尸竹戈
牪,竹手竹手
物,竹手心竹竹
牧,竹手人大
牬,竹手中難竹
牯,竹手十口
牲,竹手竹手一
牳,竹手田卜戈
牰,竹手中田
牴,竹手竹心一
牮,人心竹手
牶,火手竹手
牷,竹手人一土
特,竹手土木戈
牸,竹手十弓木
牾,竹手一一口
牽,卜女月手
牼,竹手一女一
犁,竹弓竹手
牿,竹手竹土口
牻,竹手戈山竹
犉,竹手卜口木
犀,尸卜卜手
犈,竹手火手山
犋,竹手月一金
犅,竹手月廿山
犄,竹手大一口
犆,竹手十月一
犍,竹手弓大手
犑,竹手月山大
犐,竹手竹木十
犎,土戈竹手
犌,竹手口卜水
犖,火火月竹手
犓,竹手心山山
犕,竹手廿竹月
犗,竹手十手口
犒,竹手卜口月
犚,尸戈竹手
犘,戈木竹手
犛,十大一竹手
犞,竹手竹大月
犝,竹手卜廿土
犤,竹手田中心
犦,竹手日廿水
犥,竹手戈心火
犡,竹手一廿月
犢,竹手土田金
犣,竹手女女女
犨,人土竹手
犧,竹手廿土尸
犩,竹戈竹手
犪,竹手廿金水
犬,戈大
犯,大竹尸山
犮,戈大大
犰,大竹大弓
犴,大竹一十
犵,大竹人弓
狃,大竹弓土
犿,大竹卜卜
犽,大竹一女竹
狂,大竹一土
狆,大竹中
狅,大竹竹土
狁,大竹戈竹山
犺,大竹卜竹弓
狄,大竹火
狗,大竹心口
狐,大竹竹女人
狉,大竹一火一
狚,大竹日一
狌,大竹竹手一
狎,大竹田中
狋,大竹一一火
狑,大竹人戈戈
狔,大竹尸心
狖,大竹十金
狘,大竹戈女
狀,女一戈大
狒,大竹中中弓
狙,大竹月一
狜,大竹十口
狨,大竹戈十
狫,大竹十大心
狠,大竹日女
狩,大竹十木戈
狤,大竹土口
狡,大竹卜金大
狦,大竹月廿廿
狣,大竹中一人
狊,月山戈大
狟,大竹一日一
狪,大竹月一口
猁,大竹竹木弓
猀,大竹水火竹
狼,大竹戈日女
狸,大竹田土
狳,大竹人一木
狴,大竹心心土
狽,大竹月山金
狻,大竹戈金水
狹,大竹大人人
狺,大竹卜一口
狾,大竹手竹中
狶,大竹大大月
狷,大竹口月
猘,大竹竹月弓
猏,大竹竹尸月
猑,大竹日心心
猈,大竹竹竹十
猞,大竹人一口
猊,大竹竹難山
猙,大竹月尸木
猛,大竹弓木廿
猗,大竹大一口
猖,大竹日日
猇,大竹卜心山
猜,大竹手一月
猓,大竹田木
狿,大竹弓大一
猝,大竹卜人十
猒,日月戈大
猵,大竹竹尸月
猋,戈大戈大大
猴,大竹人弓大
猲,大竹日心女
獀,大竹竹難水
猌,木人戈大
猥,大竹田一女
猣,大竹山金水
猢,大竹十口月
猶,大竹廿金田
猩,大竹日竹一
猳,大竹口卜水
猭,大竹女弓人
猧,大竹月月口
猰,大竹手竹大
猦,大竹竹弓戈
猱,大竹弓竹木
獉,大竹手大木
猻,大竹弓木火
獂,大竹一竹火
猾,大竹月月月
猷,廿田戈大
獅,大竹竹口月
猿,大竹土口女
猼,大竹戈月戈
猺,大竹月人山
獊,大竹人戈口
獍,大竹卜廿山
獄,大竹卜口大
獌,大竹日田水
獐,大竹卜廿十
獑,大竹十十中
獃,山廿戈大
獘,火大戈大
獚,大竹廿一金
獙,大竹火月大
獛,大竹廿金人
獡,大竹竹難火
獢,大竹竹大月
獗,大竹一廿人
獞,大竹卜廿土
獟,大竹土土山
獠,大竹大金火
獝,大竹弓竹月
獒,土大戈大
獩,大竹卜一竹
獫,大竹人一人
獥,大竹竹尸大
獨,大竹田中戈
獪,大竹人一日
獦,大竹廿日女
獧,大竹田中女
獬,大竹弓月手
獰,大竹十心弓
獳,大竹一月月
獮,大竹一火月
獲,大竹廿人水
獯,大竹竹土火
獶,大竹一月水
獵,大竹女女女
獷,大竹戈廿金
獺,大竹木中金
獸,口口戈大
獼,大竹弓一月
獻,卜月戈大
獽,大竹卜口女
獾,大竹廿口土
獿,大竹一金水
玀,大竹田中土
玃,大竹月山水
玁,大竹口口大
玂,大竹廿十中
玄,卜女戈
玅,卜戈火竹
玆,卜戈卜女戈
率,卜戈人十
玈,卜戈人竹女
王,一土
玊,一土戈
玉,一土戈
玎,一土一弓
玗,一土一木
玕,一土一十
玔,一土中中中
玓,一土心戈
玒,一土一
玖,一土弓人
玠,一土人中中
玨,一土一土
玩,一土一一山
玬,一土月卜
玝,一土人十
玡,一土一女竹
玭,一土心心
玥,一土月
玢,一土金尸竹
玦,一土木大
玤,一土手十
玟,一土卜大
玫,一土人大
珇,一土月一
珃,一土土月
玾,一土田中
珫,一土卜戈山
玷,一土卜口
珀,一土竹日
珂,一土一弓口
玴,一土心廿
玻,一土木竹水
珌,一土心竹
珍,一土人竹竹
珅,一土中田中
玸,一土心口山
玳,一土人戈心
玿,一土尸竹口
玶,一土一火十
玵,一土廿一
玲,一土人戈戈
珆,一土戈口
玹,一土卜女戈
珈,一土大尸口
珊,一土月廿
珋,一土竹竹中
珠,一土竹十木
珞,一土竹水口
珥,一土尸十
珣,一土心日
珧,一土中一人
琉,一土卜戈山
珮,一土竹弓月
珜,一土廿手
珝,一土尸一一
珒,一土中手
珨,一土人一口
珘,一土竹月卜
班,一土戈中土
珗,一土竹土山
珚,一土田大
珖,一土火一山
珔,一土大中木
珛,一土大月
珓,一土卜金大
玼,一土卜一心
珙,一土廿金
珩,一土竹人弓
珪,一土土土
珴,一土竹手戈
琋,一土大大月
理,一土田土
珶,一土金弓竹
琍,一土竹木弓
琅,一土戈日女
琌,一土山人弓
珿,一土口卜人
珼,一土月山金
珸,一土一一口
珽,一土弓大土
珵,一土口竹土
琁,一土人弓人
琇,一土竹木尸
現,一土月山山
琈,一土月弓木
琀,一土人戈口
球,一土戈十水
珺,一土尸大口
琊,一土一竹中
琄,一土口月
琮,一土十一火
琥,一土卜心山
琫,一土手大手
琱,一土月土口
琬,一土十弓山
琵,一土心心
琢,一土一尸人
琯,一土十口口
琲,一土中一卜
琺,一土水土戈
琩,一土日日
琝,一土日卜大
琡,一土卜火水
琳,一土木木
琖,一土戈戈
琤,一土月尸木
琴,一土人戈弓
琚,一土尸十口
琣,一土卜廿口
琦,一土大一口
琨,一土日心心
琠,一土廿月金
琭,一土女弓水
琰,一土火火
琶,一土日山
琪,一土廿一金
琛,一土月金木
瑆,一土日竹一
瑄,一土十一一
瑕,一土口卜水
琿,一土月十十
瑚,一土十口月
瑊,一土戈竹口
瑋,一土木一手
瑛,一土廿中大
瑑,一土女弓人
瑎,一土心心日
瑯,一土戈戈中
瑍,一土弓月大
瑁,一土日月山
瑐,一土廿月弓
瑏,一土十金竹
瑒,一土日一竹
瑂,一土日竹山
瑗,一土月一水
瑀,一土竹中月
瑜,一土人一弓
瑟,一土心竹
瑙,一土女女田
瑞,一土山一月
瑔,一土竹日水
瑵,一土水戈戈
瑰,一土竹戈
瑲,一土人戈口
瑧,一土手大木
瑳,一土廿手一
瑣,一土火月金
瑤,一土月人山
瑢,一土十金口
瑱,一土十月金
瑮,一土一田木
瑭,一土戈中口
瑪,一土尸手火
璆,一土尸一竹
璃,一土卜山月
瑹,一土廿人木
璊,一土廿中月
瑽,一土竹人人
瑾,一土廿中一
璁,一土竹田心
璈,一土土尸大
璉,一土卜十十
璅,一土女女木
璀,一土山人土
璋,一土卜廿十
瑼,一土十戈
璇,一土卜尸人
瑩,火火月一土
璜,一土廿一金
璒,一土弓人廿
璡,一土卜人土
璞,一土廿金人
璔,一土金田日
璥,一土廿口大
璕,一土尸一戈
璘,一土火木手
璟,一土日卜火
瑿,尸水一土戈
璣,一土女戈戈
璠,一土竹木田
璚,一土弓竹月
璐,一土口一口
璯,一土人一日
璭,一土卜月十
璾,一土卜難
璩,一土卜心人
璨,一土卜水木
璱,一土一土竹
璲,一土卜廿人
璗,水竹一土戈
環,一土田中女
璫,一土火月田
璪,一土口口木
璦,一土月月水
瓁,一土廿人水
瓂,一土廿土廿
璵,一土竹難金
璿,一土卜月山
璶,一土中一廿
璻,一土尸一十
璧,尸十一土戈
璸,一土十一金
瓀,一土一月月
璽,一月一土戈
璷,一土戈尸大
瓊,一土弓月水
瓅,一土女戈木
瓃,一土田田田
瓋,一土卜卜月
瓏,一土卜月心
璺,竹月一土戈
瓕,弓月一土戈
瓔,一土月金女
瓖,一土卜口女
瓘,一土廿口土
瓙,一土土弓火
瓗,一土山人月
瓚,一土竹山金
瓛,一土卜月大
瓜,竹女戈人
瓝,竹人心戈
瓟,竹人心口山
瓞,竹人竹手人
瓠,大尸竹女人
瓡,土十竹女人
瓢,一火竹女人
瓣,卜十竹人十
瓤,卜女竹女人
瓥,竹人中戈戈
瓦,一女弓戈
瓮,金戈一弓
瓨,一一女弓
瓬,卜尸一女弓
瓵,戈口一女弓
瓴,人戈一女弓
瓷,戈人一女弓
瓶,廿廿一女弓
瓻,大月一女弓
瓿,卜口一女弓
瓽,火月口一弓
瓾,竹女一女弓
甀,竹一一女弓
甂,竹月一女弓
甃,竹火一女弓
甄,一土一女弓
甈,竹木一女弓
甇,火火月一弓
甍,廿田中弓
甋,卜月一女弓
甌,尸口一女弓
甐,火手一女弓
甑,金日一女弓
甒,人火一女弓
甏,土竹一女弓
甕,卜女土弓
甓,尸十一女弓
甔,弓口一女弓
甖,月金一女弓
甗,卜月一女弓
甘,廿一
甚,廿一一女
甜,竹口廿一
甝,卜山廿一
生,竹手一
甡,竹一竹手一
產,卜竹竹手一
甥,竹一田大尸
甦,一大竹手一
用,月手
甩,月手山
甪,竹月手
甫,戈十月
甬,弓戈月手
甭,一火月手
甮,心竹月手
甯,十心月手
甲,田中
申,中田中
由,中田
田,田
甹,中田一女尸
男,田大尸
甸,心田
町,田一弓
甽,田中中中
甾,女女田
甿,田卜女
畀,田一中
畋,田人大
畈,田竹水
界,田人中中
畎,田戈大
畏,田一女
畇,田心戈一
留,竹竹田
畝,卜田弓人
畚,戈大田
畔,田火手
畟,田金竹水
畜,卜女戈田
畛,田人竹竹
畤,田土木戈
異,田廿金
畢,田廿十
略,田竹水口
畣,人一口田
畦,田土土
畬,人一木田
畯,田戈金水
番,竹木田
畫,中土田一
畷,田水水水
畸,田大一口
榃,木木田
畹,田十弓山
當,火月口田
畽,田竹十土
畾,田田田
畿,女戈田
疀,女田十中人
疄,田火木手
疇,田土弓戈
疆,弓土一田一
疊,田田田一
疋,弓卜人
疌,十中卜人
疏,弓一卜戈山
疑,心大弓戈人
疐,十月田弓人
疕,大心
疔,大一弓
疙,大人弓
疚,大弓人
疘,大一
疝,大山
疤,大日山
疧,大竹女心
疫,大竹弓水
疣,大戈大山
疥,大人中中
疢,大火
疪,大心心
疹,大人竹竹
疶,大心廿
症,大一卜一
病,大一人月
疿,大中中弓
疰,大卜土
疺,大竹戈人
痂,大大尸口
疳,大廿一
痁,大卜口
痄,大竹尸
疾,大人大
疼,大竹水卜
疸,大日一
疽,大月一
痀,大心口
疻,大口金
疲,大木竹水
痑,大弓戈弓
痋,大中一戈
痔,大土木戈
痕,大日女
痐,大田口
痌,大月一口
痍,大大弓
痒,大廿手
痊,大人一土
痎,大卜女人
疵,大卜一心
痏,大大月
痤,大人人土
痢,大竹木弓
痘,大一口廿
痞,大一火口
痝,大戈山竹
痛,大弓戈月
痦,大一一口
痗,大人田卜
痣,大土心
痧,大水火竹
痡,大戈十月
痠,大戈金水
痚,大十大木
痙,大一女一
痟,大火月
瘀,大卜尸卜
痾,大弓中口
痼,大田十口
瘃,大一尸人
痻,大竹心日
痲,大十金金
痭,大月月
痰,大火火
痳,大木木
瘐,大竹難人
痴,大人大口
痹,大田一中
痸,大竹月弓
痱,大中一卜
痷,大大中山
痽,大人土
痵,大竹木木
痺,大竹竹十
瘁,大卜人十
痯,大十口口
瘏,大十大日
痶,大廿月金
痿,大竹木女
瘓,大弓月大
瘦,大竹難水
瘍,大日一竹
瘉,大人一弓
瘈,大手竹大
瘖,大卜廿日
瘔,大廿十口
瘊,大人弓大
瘧,大卜心一
瘌,大木中弓
瘋,大竹弓戈
瘑,大月月口
瘕,大口卜水
瘞,大大人土
瘩,大廿人口
瘙,大水戈戈
瘝,大田中水
瘜,大竹山心
瘡,大人戈口
瘢,大竹卜水
瘠,大火金月
瘤,大竹竹田
瘚,大廿山人
瘥,大廿手一
瘟,大田人廿
瘨,大十月金
瘣,大竹戈
瘛,大手竹心
瘭,大一田火
瘯,大卜尸大
瘵,大月人火
瘲,大竹人人
瘳,大尸一竹
瘰,大田女火
瘱,大大人心
瘸,大大口月
瘴,大卜廿十
瘼,大廿日大
瘽,大廿中一
瘺,大尸一月
癇,大日弓月
療,大大金火
癌,大口口山
癆,大火火尸
癃,大弓中一
癉,大口口十
癈,大弓人水
癒,大人一心
癜,大尸金水
癚,大弓金口
癤,大竹日中
癘,大廿田月
癐,大人一日
癗,大一月田
癖,大尸口十
癓,大竹人大
癙,大竹難女
癟,大竹山月
癠,大卜難
癡,大心大人
癢,大廿人女
癥,大竹人大
癪,大竹木金
癩,大木中金
癭,大月金女
癬,大弓火手
癮,大弓中心
癰,大女山土
癲,大十金金
癱,大廿人土
癵,大女火月
癸,弓人一大
癹,弓人竹弓水
登,弓人一口廿
發,弓人弓竹水
白,竹日
百,一日
癿,竹日山
皂,竹日心
皁,竹日十
的,竹日心戈
皈,竹日竹水
皇,竹日一土
皆,心心竹日
皋,竹日大十
皊,竹日人戈戈
皉,竹日卜一心
皏,竹日廿廿
皎,竹日卜金大
皖,竹日十一山
皒,竹日竹手戈
皕,一日一日
皓,竹日竹土口
皙,木中竹日
皝,竹土火一山
皞,竹日竹日十
皛,竹日竹日日
皜,竹日卜口月
皚,竹日山一廿
皤,竹日竹木田
皦,竹日竹尸大
皫,竹日戈心火
皪,竹日女戈木
皭,竹日月田戈
皮,木竹水
皯,木水一十
皰,木水心口山
皴,戈水木竹水
皵,廿日木竹水
皸,月十木竹水
皺,心山木竹水
皻,卜一木竹水
皽,卜一木竹水
皾,土金木竹水
皿,月廿
盂,一木月廿
盄,弓中月廿
盈,弓尸月廿
盃,一火月廿
盅,中月廿
盆,金尸竹廿
盎,中大月廿
盍,土戈月廿
益,廿金月廿
盉,竹木月廿
盔,大火月廿
盛,戈尸月廿
盒,人一口廿
盓,水木月廿
盜,水人月廿
盚,戈水月廿
盝,女水月廿
盞,戈戈月廿
盟,日月月廿
監,尸戈月廿
盡,中一火月廿
盤,竹水月廿
盧,卜心田月廿
盥,竹難月廿
盦,人戈弓廿
盩,土大月廿
盪,水竹月廿
盬,尸口月廿
盭,女大月廿
目,月山
盯,月山一弓
盱,月山一木
盰,月山一十
盵,月山人弓
盳,月山卜女
盲,卜女月山
直,十月一一
盼,月山金尸竹
省,火竹月山
盾,竹十月山
相,木月山
眅,月山竹水
眊,月山竹手山
眄,月山一中尸
眉,日竹月山
看,竹手月山
眇,月山火竹
盷,月山心戈一
盻,月山金一尸
眈,月山中月山
眃,月山一一戈
盺,月山竹一中
盹,月山心山
眢,弓山月山
眐,月山一卜一
眙,月山戈口
眠,月山口女心
眓,月山戈女
眒,月山中田中
眩,月山卜女戈
眝,月山十一弓
眑,月山女戈尸
眨,月山竹戈人
眛,月山十木
眣,月山竹手人
眕,月山人竹竹
真,十月一金
眧,月山尸竹口
眚,竹一月山
眺,月山中一人
眥,卜心月山
眭,月山土土
眹,月山廿大
眯,月山火木
眽,月山竹竹女
眸,月山戈竹手
眼,月山日女
眲,月山尸十
眾,田中人人人
眻,月山廿手
眳,月山弓戈口
眶,月山尸一土
眱,月山大弓
眵,月山弓戈弓
眷,火手月山
眴,月山心日
睇,月山金弓竹
睌,月山弓日山
睎,月山大大月
睅,月山日一十
睄,月山火月
睊,月山口月
睏,月山田木
睋,月山竹手戈
睍,月山月山山
睆,月山十一山
睧,月山竹心日
睬,月山月木
睨,月山竹難山
睚,月山一土土
睥,月山竹竹十
睫,月山十中人
睛,月山手一月
睹,月山十大日
督,卜水月山
睦,月山土金土
睔,月山人一月
睜,月山月尸木
睙,月山竹尸大
睕,月山十弓山
睪,田中土廿十
睠,月山火手山
睢,月山人土
睒,月山火火
睞,月山木人人
睩,月山女弓水
睟,月山卜人十
睖,月山土金水
睭,月山月土口
睾,竹田土廿戈
瞃,月山竹十山
睡,月山竹十一
瞂,竹山戈大大
瞍,月山竹難水
瞀,弓大月山
睽,月山弓人大
瞁,月山月山大
睯,口大月山
睿,卜月一金山
瞅,月山竹木火
瞉,土山竹弓水
瞄,月山廿田
睼,月山日一人
睮,月山人一弓
瞋,月山十月金
瞏,田中土口女
瞈,月山金戈一
瞎,月山十手口
瞌,月山土戈廿
瞑,月山月日金
瞇,月山卜火木
瞛,月山竹人人
瞙,月山廿日大
瞝,月山卜山月
瞢,廿田中山
瞞,月山廿中月
瞠,月山火月土
瞟,月山一田火
瞕,月山卜廿十
瞚,月山十一金
瞡,月山手人山
瞜,月山中田女
瞥,火大月山
瞣,月山中中心
瞗,月山竹日火
瞵,月山火木手
瞲,月山弓竹月
瞴,月山人廿火
瞨,月山廿金人
瞪,月山弓人廿
瞧,月山人土火
瞱,月山廿一十
瞭,月山大金火
瞳,月山卜廿土
瞷,月山日弓日
瞶,月山中一金
瞫,月山一田十
瞬,月山月月手
瞰,月山一十大
瞺,月山人一日
瞻,月山弓金口
瞿,月山人土
瞼,月山人一人
瞽,土水月山
矂,月山口口木
矊,月山女火月
矇,月山廿月人
矉,月山十一金
矄,月山竹土火
矌,月山戈廿金
矍,月山人土水
矏,月山竹山尸
矎,月山弓月水
矓,月山卜月心
矐,月山一月土
矔,月山廿口土
矗,十一十一一
矕,女火月山
矙,月山日弓大
矘,月山火月火
矚,月山尸卜戈
矛,弓戈弓竹
矜,弓竹人戈弓
矞,弓竹月金口
矠,弓竹廿日
矢,人大
矣,戈人大
知,人大口
矨,人大竹大
矧,人大弓中
矩,人大尸尸
矬,人大人人土
短,人大一口廿
矮,人大竹木女
矰,人大金田日
矯,人大竹大月
矱,人大廿人水
矲,人大田中心
石,一口
矽,一口弓戈
矺,一口竹心
矸,一口一十
矼,一口一
矷,一口弓木
矻,一口人弓
矹,一口一山
砒,一口心心
砅,一口水
砑,一口一女竹
砉,手十一口
砏,一口金尸竹
砆,一口手人
研,一口一廿
砍,一口弓人
砂,一口火竹
砐,一口弓竹水
砃,一口月卜
砌,一口心尸竹
砎,一口人中中
砓,一口竹弓水
砝,一口土戈
砱,一口人戈戈
砨,一口竹尸弓
砳,一口一口
砷,一口中田中
砭,一口竹戈人
破,一口木竹水
砬,一口卜廿
砰,一口一火十
砪,一口田卜戈
砲,一口心口山
砮,女水一口
砢,一口一弓口
砣,一口十心
砟,一口竹尸
砯,一口戈水
砥,一口竹心一
砵,一口木一
砫,一口卜土
砧,一口卜口
砩,一口中中弓
砡,一口一土戈
砠,一口月一
砸,一口尸中月
硃,一口竹十木
硐,一口月一口
硎,一口一廿弓
砦,卜心一口
硉,一口中手
硫,一口卜戈山
硒,一口一金田
硌,一口竹水口
硊,一口弓一山
硈,一口土口
硅,一口土土
硍,一口日女
硞,一口竹土口
硢,一口人一木
硠,一口戈日女
硭,一口廿卜女
硬,一口一中大
硱,一口田木
硥,一口戈山竹
硪,一口竹手戈
硩,手中一口
硝,一口火月
硰,水竹一口
硤,一口大人人
硯,一口月山山
确,一口弓月土
硨,一口十田十
硜,一口一女一
碎,一口卜人十
碏,一口廿日
碔,一口一心一
碕,一口大一口
硻,尸水一口
碓,一口人土
碘,一口廿月金
碇,一口十一人
碉,一口月土口
硼,一口月月
碙,一口月廿山
碚,一口卜廿口
碗,一口十弓山
碰,一口廿廿金
碆,水水一口
碌,一口女弓水
硿,一口十金一
碀,一口月尸木
碖,一口人一月
碑,一口竹竹十
碅,一口田竹木
碡,一口手一卜
碄,一口木木
碃,一口手一月
碁,廿金一口
硹,一口木金戈
碠,一口卜口弓
碫,一口竹十水
碬,一口口卜水
碴,一口木日一
碭,一口日一竹
碨,一口田一女
碩,一口一月金
碤,一口廿中大
碥,一口竹尸月
碟,一口心廿木
碧,一日一口
磁,一口廿女戈
碢,一口月月口
碳,一口山一火
碞,口口口口
碣,一口日心女
碲,一口卜月月
硾,一口竹十一
碪,一口廿一女
磌,一口十月金
磈,一口竹戈
磅,一口卜月尸
磔,一口弓手木
磋,一口廿手一
磄,一口戈中口
磃,一口竹卜山
磍,一口十手口
磉,一口水水木
碻,一口卜口月
磑,一口山一廿
碾,一口尸廿女
磕,一口土戈廿
碼,一口尸手火
磎,一口月女大
磐,竹水一口
磏,一口廿難金
確,一口人月土
磊,一口一口口
磬,土水一口
磭,一口一女月
磨,戈木一口
磪,一口山人土
磩,一口戈竹火
磛,十中一口
磚,一口十戈戈
磣,一口戈戈竹
磢,一口大大大
磟,一口尸一竹
磠,一口卜田戈
磝,一口土尸大
磞,一口山月月
磧,一口手一金
磥,一口田女火
磡,一口廿女尸
磼,一口人土木
磷,一口火木手
磲,一口水尸木
礄,一口竹大月
磾,一口口口十
磳,一口金田日
礂,一口土口口
磻,一口竹木田
磺,一口廿一金
磹,一口一田十
礅,一口卜木大
磴,一口弓人廿
礁,一口人土火
磯,一口女戈戈
磽,一口土土山
礌,一口一月田
礓,一口一田一
磿,一木一口
礔,一口尸口十
礉,一口竹尸大
礐,竹月一口
礒,一口廿土戈
礑,一口火月田
礎,一口木木人
礡,一口廿戈戈
礜,竹金一口
礛,一口尸戈廿
礞,一口廿月人
礙,一口心大人
礝,一口一月月
礗,一口十一金
礣,一口廿田戈
礧,一口田田田
礥,一口尸水金
礦,一口戈廿金
礬,木木大一口
礨,田田田口
礩,一口竹中金
礫,一口女戈木
礪,一口一廿月
礤,一口廿月火
礭,一口一月土
礯,一口火火火
礱,卜心一口
礵,一口一月山
礸,一口竹山金
礹,一口口口大
示,一一火
礽,戈火弓竹尸
祀,戈火口山
社,戈火土
礿,戈火心戈
祂,戈火心木
祁,戈火弓中
祉,戈火卜中一
祆,戈火一大
祅,戈火竹大
祊,戈火卜竹尸
祇,戈火竹女心
祈,戈火竹一中
祋,戈火竹弓水
祗,戈火竹心一
祖,戈火月一
祏,戈火一口
祜,戈火十口
祛,戈火土戈
祌,戈火中
祐,戈火大口
祚,戈火竹尸
祕,戈火心竹
祠,戈火尸一口
神,戈火中田中
祓,戈火戈大大
祔,戈火人木戈
祝,戈火口竹山
祄,戈火人中中
祟,山山一一火
祫,戈火人一口
祡,卜心一一火
祧,戈火中一人
祥,戈火廿手
祑,戈火竹手人
祒,戈火尸竹口
祩,戈火竹十木
祣,戈火人竹女
祪,戈火弓一山
祤,戈火尸一一
祲,戈火尸一水
祭,月人一一火
祴,戈火戈廿
票,一田一一火
禂,戈火月土口
祺,戈火廿一金
祰,戈火竹土口
祿,戈火女弓水
祼,戈火田木
祳,戈火一一女
禓,戈火日一竹
福,戈火一口田
禊,戈火手竹大
禎,戈火卜月金
禘,戈火卜月月
禍,戈火月月口
禁,木木一一火
禖,戈火廿一木
禗,戈火田心
禋,戈火一田土
禕,戈火木一手
祹,戈火心人山
祽,戈火卜人十
禔,戈火日一人
禒,戈火女弓人
禐,戈火月一水
禈,戈火月十十
禚,戈火廿土火
禡,戈火尸手火
禠,戈火竹卜山
禛,戈火十月金
禢,戈火日尸一
禜,火火月一火
禤,戈火田中一
禨,戈火女戈戈
禧,戈火土口口
禪,戈火口口十
禫,戈火一田十
禦,竹中一一火
禮,戈火廿田廿
禬,戈火人一日
禭,戈火卜廿人
禱,戈火土弓戈
禰,戈火一火月
禲,戈火一廿月
禴,戈火人一月
禳,戈火卜口女
禷,戈火火大金
禶,戈火竹山金
禸,戈月
禺,田中月戈
禹,竹中月戈
离,卜山大月
禽,人卜山月
禾,竹木
私,竹木戈
秀,竹木弓竹尸
禿,竹木竹山
秅,竹木竹心
秈,竹木山
秉,竹木中
秖,竹木竹女心
科,竹木卜十
种,竹木中
秎,竹木金尸竹
秒,竹木火竹
秋,竹木火
秏,竹木竹手山
秕,竹木心心
秫,竹木戈十金
秝,竹木竹木
秣,竹木木十
秠,竹木一火一
秧,竹木中月大
秩,竹木竹手人
秭,竹木中難竹
秘,竹木心竹
秬,竹木尸尸
秜,竹木尸心
秪,竹木竹心一
秞,竹木中田
秦,手大竹木
秤,竹木一火十
秮,竹木戈口
租,竹木月一
秷,竹木一戈土
秶,戈人竹木
秸,竹木土口
秺,竹木十竹心
移,竹木弓戈弓
稍,竹木火月
程,竹木口竹土
稌,竹木人一木
稊,竹木金弓竹
稄,竹木戈金水
稅,竹木金口山
稂,竹木戈日女
稈,竹木日一十
稃,竹木月弓木
稀,竹木大大月
稙,竹木十月一
稐,竹木人一月
稗,竹木竹竹十
稘,竹木廿一金
稠,竹木月土口
稚,竹木人土
稞,竹木田木
稟,卜田口木
稑,竹木土金土
稜,竹木土金水
稕,竹木卜口木
稢,竹木戈口一
稓,竹木廿日
稔,竹木人戈心
稛,竹木田竹木
稒,竹木田十口
穊,竹木日戈山
稯,竹木山金水
種,竹木竹十土
稦,竹木木一手
稫,竹木一口田
稱,竹木月土月
稨,竹木竹尸月
稰,竹木弓人月
稹,竹木十月金
稽,竹木戈山日
稼,竹木十一人
稷,竹木田金水
稻,竹木月竹難
穀,土木竹弓水
稿,竹木卜口月
積,竹木手一金
穆,竹木竹日竹
穌,弓火竹木
穇,竹木戈戈竹
穈,戈木竹木
穎,心木一月金
穋,竹木尸一竹
穄,竹木月人火
穗,竹木十戈心
穘,竹木土土山
穔,竹木廿一金
穛,竹木人土火
穚,竹木竹大月
穜,竹木卜廿土
穖,竹木女戈戈
穡,竹木土人田
穟,竹木卜廿人
穠,竹木廿田女
穢,竹木卜一竹
穧,竹木卜難
穨,竹山中一金
穩,竹木月一心
穫,竹木廿人水
穬,竹木戈廿金
穭,竹木弓田日
穮,竹木戈心火
穰,竹木卜口女
穱,竹木月田戈
穴,十金
穵,十金弓
究,十金大弓
空,十金一
穹,十金弓
穻,十金一木
穸,十金弓戈
穾,十金竹大
突,十金戈大
窀,十金心山
穿,十金一女竹
窄,十金竹尸
窋,十金山山
窅,十金月山
窈,十金女戈尸
窉,十金一人月
窇,十金心口山
窊,十金竹女人
窆,十金竹戈人
窌,十金竹竹中
窏,十金水一木
窔,十金卜金大
窒,十金一戈土
窐,十金土土
窕,十金中一人
窙,十金十大木
窖,十金竹土口
窗,十金竹田大
窘,十金尸大口
窞,十金弓竹難
窣,十金卜人十
窢,十金戈口一
窟,十金尸山山
窠,十金田木
窪,十金水土土
窨,十金卜廿日
窩,十金月月口
窫,十金手竹大
窬,十金人一弓
窳,十金竹人人
窮,十金竹竹弓
窯,十金廿土火
窲,十金火木十
窴,十金十月金
窷,十金尸十中
窵,十金竹日火
窱,十金人中木
窶,十金中田女
窺,十金手人山
窸,十金竹木心
窾,十金土火人
竀,十金一一山
竁,十金竹山山
窿,十金弓中一
竄,十金竹難女
竅,十金竹尸大
竇,十金土田金
竊,十金竹木月
立,卜廿
竑,卜廿大戈
站,卜廿卜口
竘,卜廿心口
章,卜廿日十
竟,卜廿日竹山
竤,卜廿十大戈
竦,卜廿木中
竣,卜廿戈金水
童,卜廿田土
竫,卜廿月尸木
端,卜廿山一月
竮,卜廿尸廿廿
竭,卜廿日心女
競,卜山卜廿山
竷,卜十竹水水
竹,竹
竺,竹一一
竻,竹大尸
竽,竹一木
竿,竹一十
笁,竹一
笀,竹卜女
笐,竹卜竹弓
笊,竹竹中人
笏,竹心竹竹
笓,竹心心
笄,竹一廿
笑,竹竹大
笈,竹弓竹水
笆,竹日山
笅,竹大大
笉,竹心戈一
笎,竹一一山
笒,竹人戈弓
笭,竹人戈戈
笲,竹戈廿
笛,竹中田
笱,竹心口
笢,竹口女心
笠,竹卜廿
笴,竹一弓口
笳,竹大尸口
笵,竹水尸山
符,竹人木戈
笰,竹中中弓
第,竹弓中竹
笪,竹日一
笯,竹女水
笞,竹戈口
笮,竹竹尸
笫,竹中難竹
笥,竹尸一口
筇,竹一弓中
笚,竹田中
笝,竹田水
笨,竹木一
笤,竹尸竹口
笣,竹心口山
笘,竹卜口
笸,竹尸口
笙,竹竹手一
筅,竹竹土山
筋,竹月大尸
筀,竹土土
筎,竹女口
筑,竹一弓十
筍,竹心日
筄,竹中一人
筈,竹竹十口
笻,竹一尸中
筒,竹月一口
筘,竹手口
筐,竹尸一土
筏,竹人戈
答,竹人一口
筌,竹人一土
策,竹木月
筆,竹中手
筊,竹卜金大
等,竹土木戈
筭,竹一土廿
筰,竹人竹尸
筲,竹火月
筩,竹弓戈月
筮,竹一人人
筱,竹人中大
筳,竹弓大土
筷,竹心木大
筠,竹土心一
筴,竹大人人
筦,竹十一山
筤,竹戈日女
筸,竹日一十
筥,竹口竹口
筶,竹竹土口
節,竹日戈中
筧,竹月山山
筡,竹人一木
筣,竹竹木弓
箄,竹竹竹十
箝,竹手廿一
箅,竹田一中
箍,竹手尸月
箖,竹木木
箘,竹田竹木
箑,竹十中人
箤,竹卜人十
箔,竹水竹日
箂,竹木人人
劄,竹口中弓
箇,竹田十口
箛,竹弓木人
箌,竹一土弓
箐,竹手一月
箏,竹月尸木
箙,竹月尸水
箋,竹戈戈
箈,竹水戈口
箜,竹十金一
算,竹月山廿
箊,竹卜尸卜
箸,竹十大日
箕,竹廿一金
筵,竹弓大一
箎,竹卜心山
管,竹十口口
箯,竹人一大
箭,竹廿月弓
箠,竹竹十一
箴,竹戈竹口
箾,竹火月弓
篁,竹竹日土
篇,竹竹尸月
箵,竹火竹山
篆,竹女弓人
箱,竹木月山
箷,竹卜尸木
範,竹十十山
篊,竹水廿金
篎,竹月山竹
箹,竹女火戈
篌,竹人弓大
篋,竹尸大人
箬,竹廿大口
篟,竹人手月
篕,竹土戈廿
篪,竹竹卜山
篫,竹一弓手
簑,竹卜田女
篢,竹一月金
篛,竹弓一一
篞,竹水日土
篧,竹人月土
篚,竹尸中卜
篔,竹口月金
築,竹一弓木
篹,竹月山山
篙,竹卜口月
篘,竹心山山
篜,竹弓水火
篤,竹尸手火
篥,竹一田木
篝,竹廿廿月
篨,竹弓中木
篣,竹卜月尸
篡,竹月山戈
篦,竹竹田心
篩,竹竹口月
簁,竹竹人人
簍,竹中田女
篱,竹卜山月
簀,竹手一金
簉,竹卜竹口
簇,竹卜尸大
篾,竹田中戈
簂,竹田戈一
簏,竹戈難心
篴,竹卜一人
篳,竹田廿十
篸,竹戈戈竹
簐,竹十十人
簋,竹日女廿
篲,竹手十一
篿,竹十戈戈
簌,竹木中人
篠,竹人中木
篷,竹卜竹十
簅,竹卜竹一
簆,竹十一大
篰,竹卜口中
簃,竹竹木弓
簊,竹廿金土
簎,竹手廿日
篻,竹一田火
簥,竹竹大月
簙,竹十戈戈
簢,竹日弓大
簠,竹戈月廿
篽,竹竹人中
簧,竹廿一金
簩,竹火火尸
簦,竹弓人廿
簭,竹土金口
簨,竹口山金
簰,竹中中十
簜,竹水日竹
簫,竹中難
簟,竹一田十
簝,竹大金火
簞,竹口口十
簣,竹中一金
簡,竹日弓日
簪,竹一山日
簼,竹手廿月
簬,竹口一口
簳,竹十十十
簻,竹卜月月
簾,竹戈廿金
簹,竹火月田
簷,竹弓金口
簽,竹人一人
簸,竹廿金水
簿,竹水戈戈
籀,竹手竹田
籉,竹土口土
籌,竹土弓戈
籈,竹一土弓
籅,竹竹難金
籃,竹尸戈廿
籇,竹卜口人
籍,竹手木日
籊,竹尸一土
籓,竹水竹田
籔,竹中女大
籐,竹月火水
籠,竹卜月心
籙,竹金女水
籗,竹一月土
籚,竹卜心廿
籛,竹金戈戈
籜,竹手田十
籟,竹木中金
籥,竹人一月
籤,竹人戈一
籣,竹日弓田
籦,竹金竹土
籧,竹卜卜人
籪,竹女戈中
籩,竹卜竹尸
籫,竹竹山金
籮,竹田中土
籬,竹卜月土
籯,竹卜口弓
籲,竹人月金
米,火木
籵,火木十
籸,火木弓十
籽,火木弓木
籹,火木女
籺,火木人弓
籿,火木木戈
粁,火木竹十
粀,火木十大
粊,心心火木
粅,火木心竹竹
粈,火木弓土
粍,火木竹手山
粌,火木弓中
粉,火木金尸竹
粑,火木日山
粄,火木竹水
粒,火木卜廿
粣,火木月廿
粘,火木卜口
粗,火木月一
粖,火木木十
粕,火木竹日
粔,火木尸尸
粧,火木戈土
粨,火木一日
粞,火木一金田
粥,弓火木弓
粢,戈人火木
粡,火木月一口
粟,一田火木
粱,水戈火木
粯,火木月山山
粴,火木田土
粵,竹田一女尸
粲,卜水火木
粳,火木一中大
粻,火木尸一女
粽,火木十一火
粼,火手女女
精,火木手一月
粿,火木田木
粹,火木卜人十
粺,火木竹竹十
糋,火木廿月弓
糈,火木弓人月
糌,火木竹人日
糊,火木十口月
糅,火木弓竹木
糒,火木廿竹月
糑,火木弓一一
糕,火木廿土火
糐,火木戈月戈
糗,火木竹山大
糔,火木水戈戈
糖,火木戈中口
糢,火木廿日大
糜,戈木火木
糙,火木卜竹口
糟,火木廿田日
糞,火木田廿金
糝,火木戈戈竹
糠,火木戈中水
糨,火木弓戈戈
糧,火木日一土
糪,尸十火木
糬,火木田中日
糰,火木田十戈
糯,火木一月月
糮,火木尸戈廿
糲,火木一廿月
糴,人木尸一土
糱,山十火木
糶,山木尸一土
糷,火木廿日田
糸,女戈火
繌,女火竹金水
系,竹女戈火
糾,女火女中
糽,女火一弓
紇,女火人弓
約,女火心戈
紃,女火中中中
紁,女火戈大
紆,女火一木
紅,女火一
紈,女火大弓戈
紀,女火尸山
紂,女火木戈
紉,女火尸竹戈
紌,女火戈大山
紙,女火竹女心
紞,女火中月山
紒,女火人中中
紝,女火竹土
紟,女火人戈弓
紎,女火戈大
紡,女火卜竹尸
紛,女火金尸竹
紑,女火一火
紖,女火弓中
紕,女火心心
紗,女火火竹
紐,女火弓土
紋,女火卜大
納,女火人月
純,女火心山
索,十月女戈火
紜,女火一一戈
紓,女火弓戈弓
素,手一女戈火
紘,女火大戈
紊,卜大女戈火
級,女火弓竹水
紏,女火卜十
絊,女火木一
紻,女火中月大
紲,女火心廿
絅,女火月口
紺,女火廿一
紮,木山女戈火
絁,女火人心木
細,女火田
紶,女火土戈
累,田女戈火
絇,女火心口
絃,女火卜女戈
組,女火月一
終,女火竹水卜
紸,女火卜土
紽,女火十心
紾,女火人竹竹
統,女火卜戈山
紹,女火尸竹口
紼,女火中中弓
紵,女火十一弓
紳,女火中田中
紱,女火戈大大
紨,女火人木戈
絀,女火山山
紩,女火竹手人
紬,女火中田
絆,女火火手
紿,女火戈口
絎,女火竹人弓
絰,女火一戈土
絪,女火田大
絕,女火尸竹山
絭,火手女戈火
絢,女火心日
紫,卜心女戈火
絣,女火廿廿
絲,女火女戈火
絮,女口女戈火
絡,女火竹水口
絫,戈戈戈火
絘,女火戈一人
絖,女火火一山
給,女火人一口
絨,女火戈十
絏,女火中田心
絧,女火月一口
絞,女火卜金大
絔,女火一日
絩,女火中一人
絳,女火竹水手
絜,手竹女戈火
絯,女火卜女人
絟,女火人一土
絓,女火土土
絒,女火戈中中
絑,女火竹十木
結,女火土口
綌,女火金人口
綍,女火十月木
綆,女火一中大
絛,人中人火
綑,女火田木
綅,女火尸一水
綎,女火弓大土
絺,女火大大月
絿,女火戈十水
綏,女火月女
經,女火一女一
綈,女火金弓竹
絼,女火月尸竹
綁,女火手十中
綃,女火火月
綄,女火十一山
綔,大尸竹女火
絻,女火弓日山
絹,女火口月
絽,女火口竹口
綀,女火木中
綒,女火月弓木
緊,尸水女戈火
綻,女火十一人
緋,女火中一卜
綝,女火木木
緁,女火十中人
緒,女火十大日
網,女火月廿女
綠,女火女弓水
綢,女火月土口
綷,女火卜人十
綯,女火心人山
緉,女火一中月
綰,女火十口口
緎,女火戈口一
綿,女火竹日月
綟,女火竹尸大
綾,女火土金水
綬,女火月月水
維,女火人土
綹,女火竹人口
緅,女火尸十水
綖,女火弓大一
綩,女火十弓山
綪,女火手一月
綺,女火大一口
綡,女火卜口火
緀,女火十中女
緌,女火竹木女
綜,女火十一火
綱,女火月廿山
綣,女火火手山
綸,女火人一月
緄,女火日心心
綮,竹大女戈火
緂,女火火火
綽,女火卜日十
綧,女火卜口木
綦,廿金女戈火
綵,女火月木
綼,女火竹竹十
緇,女火女女田
綞,女火竹十一
緆,女火日心竹
綴,女火水水水
緗,女火木月山
緶,女火人一大
緘,女火戈竹口
緰,女火人一弓
線,女火竹日水
緹,女火日一人
編,女火竹尸月
緳,戈手竹火
緩,女火月一水
緯,女火木一手
緱,女火人弓大
締,女火卜月月
緷,女火月十十
緻,女火一土大
緮,女火人日水
緙,女火廿中十
緛,女火一月大
緦,女火田心
緟,女火竹十土
練,女火木田火
緪,女火心一一
緝,女火口尸十
緲,女火月山竹
緬,女火一田中
緧,女火廿金田
緡,女火口心日
緞,女火竹十水
緺,女火月月口
縃,女火弓人月
緣,女火女弓人
縡,女火十卜十
縝,女火十月金
縊,女火廿金廿
縥,女火手大木
縉,女火一戈日
縋,女火卜竹口
縒,女火廿手一
縕,女火田人廿
縌,女火卜廿山
縚,女火月竹難
縜,女火口月金
縖,女火十手口
縤,女火手一木
縐,女火心山山
縔,女火水水木
縢,月火手火
縑,女火廿難金
縠,土火竹弓水
縞,女火卜口月
縏,竹水女戈火
縎,女火月月月
縓,女火一竹火
縗,女火卜田女
縟,女火一女戈
縣,月火竹女火
縈,火火月女火
縛,女火戈月戈
縍,女火卜月尸
總,女火竹田心
縰,女火竹人人
縳,女火十戈戈
繇,月山竹女火
縯,女火十一金
繄,尸水女戈火
繈,女火弓戈戈
縱,女火竹人人
縴,女火卜女手
縪,女火田廿十
繉,女火月山人
縺,女火卜十十
縸,女火廿日大
縿,女火戈戈竹
縩,女火月人火
繃,女火山月月
繁,人大女戈火
縫,女火卜竹十
縼,女火卜尸人
顈,心火一月金
績,女火手一金
縲,女火田女火
繀,女火山人土
縻,戈木女戈火
縷,女火中田女
繆,女火尸一竹
縵,女火日田水
繂,女火卜戈十
縹,女火一田火
縶,土戈女戈火
縮,女火十人日
繅,女火女女木
縭,女火卜山月
繟,女火口口十
繑,女火竹大月
繣,女火中土一
繙,女火竹木田
繖,女火廿月大
繡,女火中難
繜,女火廿田戈
繐,女火十戈心
繕,女火廿土口
繓,女火日尸水
繗,女火火木手
繘,女火弓竹月
繚,女火大金火
繠,心心心火
繞,女火土土山
繒,女火金田日
繢,女火中一金
織,女火卜戈日
繵,女火卜田一
繨,女火卜土手
繶,女火卜廿心
繹,女火田中十
繭,廿月中戈
繰,女火口口木
繯,女火田中女
繳,女火竹尸大
繷,女火廿田女
繺,女火弓大火
繴,尸十女戈火
繫,十水女戈火
繲,女火弓月手
繸,女火卜廿人
繪,女火人一日
繩,女火口難山
纀,女火人廿人
繽,女火十一金
繻,女火一月月
辮,卜十女火十
纂,竹月山火
繾,女火卜中口
繼,女火女女戈
纁,女火竹土火
纊,女火戈廿金
纋,女火一月水
纇,火火一月金
纆,女火田土土
纈,女火土口金
纍,田田田火
纏,女火戈田土
續,女火土田金
纑,女火卜心廿
纔,女火弓口戈
纖,女火人戈一
纓,女火月金女
纕,女火卜口女
纗,女火山人月
纙,女火田中土
纛,手一田卜火
纚,女火一一心
纘,女火竹山金
纜,女火尸田山
缶,人十山
缸,人山一
缺,人山木大
缽,人山木一
缿,人山竹一口
缾,人山廿廿
罃,火火月人山
罄,土水人十山
罅,人山卜心木
罈,人山一田十
罋,卜女土山
罊,十水人十山
罌,月金人十山
罍,田田田山
罏,人山卜心廿
罐,人山廿口土
网,月大大
罕,月金一十
罔,月廿卜女
罘,田中一火
罠,田中口女心
罞,田中弓戈竹
罟,田中十口
罛,田中竹女人
罡,田中一卜一
罝,田中月一
罜,田中卜土
罣,田中土土
罦,田中月弓木
罥,田中口月
罩,田中卜日十
罬,田中水水水
罧,田中木木
置,田中十月一
罨,田中大中山
署,田中十大日
罫,田中土土卜
罪,田中中一卜
罭,田中戈口一
罳,田中田心
罰,田中卜口弓
罵,田中尸手火
罷,田中戈月心
罶,田中竹竹田
罻,田中尸火戈
罼,田中田廿十
罺,田中女女木
罹,田中心人土
罿,田中卜廿土
罽,田中一火弓
罾,田中金田日
羅,田中女火土
羆,田中戈心火
羃,田中廿日月
羇,田中廿十口
羈,田中廿十火
羉,田中女火火
羊,廿手
羌,廿土竹山
羋,中一卜手
羑,廿土弓人
羍,大廿手
美,廿土大
羖,廿手竹弓水
羔,廿土火
羒,廿手金尸竹
羞,廿手弓土
羚,廿手人戈戈
羛,廿土中中弓
羝,廿手竹心一
羕,廿土戈弓水
羜,廿手十一弓
羡,廿土戈一人
羢,廿手戈十
羠,廿手大弓
義,廿土竹手戈
羦,廿手十一山
羥,廿手一女一
群,尸口廿手
羧,廿手戈金水
羨,廿土水弓人
羰,廿手山一火
羭,廿手人一弓
羯,廿手日心女
羬,廿手戈竹口
羱,廿手一竹火
羲,廿土竹木尸
羳,廿手竹木田
羵,廿手十廿金
羸,卜口月廿弓
羷,廿手人一人
羶,廿手卜田一
羹,廿土火廿大
羺,廿手一月月
羻,廿手戈難水
羼,尸廿手手
羽,尸一尸戈一
羿,尸一廿
羾,尸一一
翁,金戈尸一
翃,大戈尸一一
翂,尸一金尸竹
翀,尸一中
翅,十水尸一一
翇,尸一戈大大
翉,木一尸一一
翎,人戈尸一一
翊,卜廿尸一一
翌,尸一卜廿
翋,尸一卜廿
翏,尸一人竹竹
翐,尸一竹手人
翍,尸一木竹水
習,尸一竹日
翑,尸一心口
翕,人一口一
翔,廿手尸一一
翗,弓弓尸一一
翜,尸一大人人
翛,人中人一
翞,尸一卜口火
翠,尸一卜人十
翢,月口尸一一
翡,中卜尸一一
翟,尸一人土
翥,十日尸一一
翣,尸一卜廿女
翦,廿月弓一
翬,尸一月十十
翪,尸一山金水
翨,尸一日一人
翫,尸日一一山
翩,竹月尸一一
翭,尸一人弓大
翰,十十人尸一
翯,尸一卜口月
翮,一月尸一一
翱,竹十尸一一
翴,尸一卜十十
翲,一尸火一一
翼,尸一田廿金
翳,尸水尸一一
翵,尸一竹日火
翻,竹田尸一一
翷,火手尸一一
翸,十金尸一一
翹,土山尸一一
翾,田女尸一一
翽,卜竹尸一一
翿,土戈尸一一
耀,火山尸一土
考,十大卜尸
老,十大心
者,十大日
耇,十大心口
耄,十心竹手山
耆,十心日
耋,十心一戈土
而,一月中中
耑,山一月中
耏,一月竹竹竹
耎,一月大
耐,一月木戈
耍,一月女
耒,手木
耔,手木弓木
耖,手木火竹
耕,手木廿廿
耗,手木竹手山
耘,手木一一戈
耙,手木日山
耟,手木尸尸
耜,手木口中口
耛,手
耞,手木大尸口
耡,手木月一尸
耤,手木廿日
耦,手木田中月
耪,手木卜月尸
耩,手木廿廿月
耨,手木一女戈
耬,手木中田女
耰,手木一月水
耳,尸十
耴,尸十山
耵,尸十一弓
耷,大尸十
耶,尸十弓中
耾,尸十大戈
耹,尸十人戈弓
耿,尸十火
耽,尸十中月山
聇,尸十一卜一
聊,尸十竹竹中
聆,尸十人戈戈
聈,尸十女戈尸
聃,尸十土月
聏,尸十一月中
聑,尸十尸十
聐,尸十土口
聒,尸十竹十口
聘,尸十中田尸
聖,尸口竹土
聞,日弓尸十
聜,尸十十金一
聚,尸水人人人
聝,尸十戈口一
聤,尸十卜口弓
聧,尸十弓人大
聬,尸十金戈一
聱,土大尸十
聳,竹人尸十
聲,土水尸十
聰,尸十竹田心
聯,尸十女戈廿
職,尸十卜戈日
聶,尸十尸十十
聵,尸十中一金
聸,尸十弓金口
聹,尸十十心弓
聾,卜心尸十
聽,尸土十田心
聿,中手
肅,中難
肄,心大中手
肆,尸戈中手
肇,竹大中手
肊,月弓
肉,人月人
肋,月大尸
肌,月竹弓
肕,月尸竹戈
肒,月大弓戈
肛,月一
肝,月一十
肐,月人弓
肚,月土
肘,月木戈
肓,卜女月
肖,火月
肙,口月
育,卜戈月
肜,月竹竹竹
肸,月金十
肣,月人戈弓
肺,月十月
肢,月十水
肵,月竹一中
肪,月卜竹尸
肫,月心山
肥,月日山
肩,竹尸月
肭,月人月
肏,人人月人
肴,大大月
肱,月大戈
股,月竹弓水
肯,卜一月
肮,月卜竹弓
胕,月人木戈
胎,月戈口
背,中心月
胂,月中田中
胜,月竹手一
胍,月竹女人
胊,月心口
胚,月一火一
胠,月土戈
胥,弓人月
胃,田月
胤,中女月山
胏,月中難竹
胣,月人心木
胙,月竹尸
胈,月戈大大
胖,月火手
胇,月中中弓
胐,月山山
胦,月中月大
胅,月竹手人
胘,月卜女戈
胑,月口金
胉,月竹日
胡,十口月
胗,月人竹竹
胄,中田月
胛,月田中
胞,月心口山
胝,月竹心一
胯,月大一尸
胱,月火一山
胻,月竹人弓
胰,月大弓
脈,月竹竹女
胹,月一月中
脅,大尸大尸月
胼,月廿廿
胭,月田大
胸,月心山大
脀,弓水一月
胳,月竹水口
胲,月卜女人
脁,月中一人
脊,火金月
胴,月月一口
胺,月十女
脆,月弓一山
胵,月一戈土
能,戈月心心
脂,月心日
脥,月大人人
脭,月口竹土
脣,一女月
脧,月戈金水
脢,月人田卜
脩,人中人月
脙,月戈十水
脤,月一一女
脡,月弓大土
脬,月月弓木
脞,月人人土
脟,月月木戈
脕,月弓日山
脫,月金口山
脖,月十月木
脰,月一口廿
脘,月十一山
脯,月戈十月
脝,月卜口弓
脛,月一女一
胾,十戈人月人
脹,月尸一女
胔,卜心人月人
腑,月戈人戈
脾,月竹竹十
腇,月竹木女
腒,月尸十口
腎,尸水月
腕,月十弓山
脽,月人土
腓,月中一卜
腆,月廿月金
腏,月水水水
腔,月十金一
腴,月竹難人
腍,月人戈心
腊,月廿日
腌,月大中山
腋,月卜人大
腃,月火手山
脺,月卜人十
腸,月日一竹
腶,月竹十水
腳,月金口中
腛,月尸一土
腱,月弓大手
腥,月日竹一
腹,月人日水
腷,月一口田
腤,月卜廿日
腺,月竹日水
腲,月田一女
腧,月人一弓
腞,月女弓人
腦,月女女田
腄,月竹十一
腜,月廿一木
腩,月十月十
腫,月竹十土
腠,月手大大
腮,月田心
腡,月月月口
腰,月一田女
腯,月竹十山
腢,月田中月
膆,月手一火
腿,月卜日女
膋,火火月月
腐,戈戈人月人
膂,卜女月
膃,月田人廿
膏,卜口月月
膊,月戈月戈
膌,月火金月
膍,月竹田心
膀,月卜月尸
膈,月一口月
膇,月卜竹口
膉,月廿金廿
膘,月一田火
膞,月十戈戈
膣,月十金土
膗,月山人土
膙,月弓戈戈
膢,月中田女
膚,卜心田月
膛,月火月土
膠,月尸一竹
膝,月木人水
膜,月廿日大
膕,月田戈一
膟,月卜戈十
膫,月大金火
膲,月人土火
膮,月土土山
膷,月女竹中
膧,月卜廿土
膱,月卜戈日
膬,月竹山山
膦,月火木手
膩,月戈心金
膨,月土廿竹
膵,月廿卜十
膳,月廿土口
膴,月人廿火
膰,月竹木田
膿,月廿田女
臊,月口口木
臀,尸水月
膾,月人一日
臄,月卜心人
臆,月卜廿心
臃,月卜女土
臂,尸十月
膺,戈土月
膹,月十廿金
臉,月人一人
膼,月卜月月
膻,月卜田一
膽,月弓金口
臌,月土廿水
臅,月田中戈
臇,月人土尸
臑,月一月月
臏,月十一金
臍,月卜難
臒,月廿人水
臐,月竹土火
臘,月女女女
臗,月十廿戈
臕,月戈心火
臙,月廿中火
臚,月卜心廿
臛,月一月土
臝,卜口月田弓
臞,月月山土
臟,月廿戈尸
臢,月竹山金
臡,廿土人月人
臠,女火人月人
臣,尸中尸中
臥,尸中人
臦,尸中尸中中
臧,戈一尸中中
臨,尸中人口口
臩,尸尸大中中
自,竹月山
臭,竹山戈大
臬,竹山木
臮,竹山人人人
臲,竹木弓一山
至,一戈土
致,一土人大
臷,十戈一戈土
臸,一土一戈土
臹,一土戈竹尸
臺,土口月土
臻,一土手大木
臼,竹難
臾,竹難人
臿,竹十竹難
舁,竹難廿
舀,月竹難
舂,手大竹難
舄,竹難卜火
舅,竹難田大尸
與,竹難卜金
興,竹難月金
舉,竹金手
舊,廿人土難
舋,竹月月一
舌,竹十口
舍,人一十口
舐,竹口竹女心
舑,竹口土月
舒,人口弓戈弓
舕,竹口火火
舔,竹口竹大心
舖,人口戈十月
舛,弓戈手
舜,月月弓手
舝,木一女女手
舞,人廿弓戈手
舟,竹月卜戈
舠,竹卜尸竹
舡,竹卜一
舢,竹卜山
航,竹卜卜竹弓
舫,竹卜卜竹尸
舯,竹卜中
舥,竹卜日山
般,竹卜竹弓水
舨,竹卜竹水
舵,竹卜十心
舷,竹卜卜女戈
舴,竹卜竹尸
舲,竹卜人戈戈
舶,竹卜竹日
舺,竹卜田中
舳,竹卜中田
舸,竹卜一弓口
船,竹卜金口
舼,竹卜廿金
舿,竹卜大一尸
舽,竹卜竹水手
艇,竹卜弓大土
艉,竹卜尸竹山
艂,竹卜竹水十
艀,竹卜月弓木
艅,竹卜人一木
艄,竹卜火月
艋,竹卜弓木廿
艎,竹卜竹日土
艓,竹卜心廿木
艒,竹卜日月山
艑,竹卜竹尸月
艐,竹卜山金水
艘,竹卜竹難水
艏,竹卜廿竹山
艙,竹卜人戈口
艕,竹卜卜月尸
艖,竹卜廿手一
艗,竹卜廿金廿
艛,竹卜中田女
艚,竹卜廿田日
艜,竹卜大心月
艟,竹卜卜廿土
艞,竹卜竹中人
艤,竹卜廿土戈
艣,竹卜卜心尸
艡,竹卜火月田
艩,竹卜卜難
艦,竹卜尸戈廿
艨,竹卜廿月人
艫,竹卜卜心廿
艬,竹卜弓口戈
艭,竹卜人土水
艮,日女
良,戈日女
艱,廿人日女
色,弓日山
艴,中弓弓日山
艵,廿廿弓日山
艷,山廿弓日山
艾,廿大
艼,廿一弓
艸,山山
芀,廿尸竹
艽,廿大弓
艿,廿弓竹尸
芐,廿一卜
芄,廿大弓戈
芃,廿竹弓戈
芏,廿土
芅,廿戈心
芋,廿一木
芑,廿尸山
芓,廿弓木
芊,廿竹十
芎,廿弓
芍,廿心戈
芒,廿卜女
芷,廿卜中一
芵,廿木大
芸,廿一一戈
芝,廿戈弓人
芨,廿弓竹水
芤,廿弓木山
芹,廿竹一中
芩,廿人戈弓
芫,廿一一山
芧,廿弓戈弓
芚,廿心山
芡,廿弓人
芯,廿心
芰,廿十水
芾,廿十月
芬,廿金尸竹
芽,廿一女竹
芙,廿手人
芺,廿竹大
芴,廿心竹竹
芳,廿卜竹尸
芭,廿日山
芣,廿一火
芼,廿竹手山
芘,廿心心
芮,廿人月
芟,廿竹弓水
芶,廿心戈
花,廿人心
芥,廿人中中
苲,廿竹尸
茀,廿中中弓
苟,廿心口
若,廿大口
苣,廿尸尸
苛,廿一弓口
苵,廿竹手人
茺,廿卜戈山
茁,廿山山
苻,廿人木戈
苴,廿月一
芔,山山山
苦,廿十口
范,廿水尸山
苧,廿十一弓
苡,廿女戈人
苒,廿土月
茂,廿戈竹
茄,廿大尸口
苺,廿田卜戈
苫,廿卜口
苓,廿人戈戈
苶,廿人火
苗,廿田
苠,廿口女心
茆,廿竹竹中
苙,廿卜廿
茅,廿弓戈竹
苯,廿木一
苤,廿一火一
苹,廿一火十
茌,廿人土
苑,廿弓戈山
英,廿中月大
苜,廿月山
茉,廿木十
茇,廿戈大大
苔,廿戈口
苞,廿心口山
苕,廿尸竹口
苨,廿尸心
苾,廿心竹
茗,廿弓戈口
茧,廿中一戈
荒,廿卜女山
茫,廿水卜女
茖,廿竹水口
茯,廿人戈大
芞,廿人一弓
苃,廿大水
茭,廿卜金大
茱,廿竹十木
茛,廿日女
荑,廿大弓
茹,廿女口
茙,廿戈十
茸,廿尸十
茠,廿人木
荁,廿一日一
茴,廿田口
茼,廿月一口
荏,廿人竹土
茩,廿竹一口
荇,廿竹人弓
荍,廿女中大
荓,廿廿廿
荖,廿十大心
茢,廿一弓弓
荀,廿心日
茜,廿一金田
荊,廿一廿弓
荄,廿卜女人
荔,廿大尸尸
荐,廿大中木
茵,廿田大
芢,廿人一一
荅,廿人一口
荎,廿一戈土
茞,廿尸中中
莣,廿卜女心
草,廿日十
芻,心山心山
茶,廿人木
茈,廿卜一心
荈,廿弓戈手
芛,廿尸大
苂,廿火
茷,廿人戈
茦,廿木月
茲,廿女戈戈
芠,廿卜大
荃,廿人一土
茬,廿大中土
苀,廿卜竹弓
茨,廿戈一人
茳,廿水一
莨,廿戈日女
莕,廿木口
荷,廿人一口
莰,廿土弓人
莠,廿竹木尸
莙,廿尸大口
莪,廿竹手戈
莞,廿十一山
荳,廿一口廿
荼,廿人一木
荵,廿尸戈心
荽,廿月女
莉,廿竹木弓
莘,廿卜廿十
莛,廿弓大土
莏,廿手火竹
莝,廿人人土
莌,廿金口山
莧,廿月山山
莚,廿弓大一
荸,廿十月木
莎,廿水火竹
荺,廿土心一
荾,廿戈金水
莋,廿人竹尸
苰,廿弓戈
苖,廿中田
莢,廿大人人
苬,廿田人
苭,廿女戈尸
莊,廿女一土
莫,廿日大
莒,廿口竹口
荻,廿大竹火
苳,廿竹水卜
莦,廿火月
茍,廿心口
苪,廿一人月
莩,廿月弓木
莓,廿人田卜
堇,廿中手一
荴,廿手手人
莆,廿戈十月
莽,廿戈大廿
莖,廿一女一
菱,廿土金水
菸,廿卜尸卜
菶,廿手大手
菅,廿十口口
萐,廿十中人
菕,廿人一月
茻,山山山山
萇,廿尸一女
菖,廿日日
菪,廿十一口
萎,廿竹木女
萄,廿心人山
菟,廿弓山戈
華,廿一廿十
菥,廿木竹中
萋,廿十中女
萃,廿卜人十
菻,廿木木
莿,廿木月弓
菽,廿卜火水
菎,廿日心心
菀,廿十弓山
菘,廿木金戈
菵,廿月廿女
菼,廿火火
菴,廿大中山
萸,廿竹難人
菳,廿金
菁,廿手一月
菾,廿竹大心
菨,廿卜廿女
菌,廿田竹木
菫,廿一中一
著,廿十大日
菑,廿女女田
萏,廿弓竹難
菤,廿火手山
菹,廿水月一
茤,廿弓戈弓
荌,廿十女
萆,廿竹竹十
菔,廿月尸水
菆,廿尸十水
菲,廿中一卜
菂,廿竹日戈
菏,廿水一口
菡,廿弓山水
菇,廿女十口
菰,廿弓木人
菊,廿心火木
蒆,廿一弓女
荂,廿大一尸
菝,廿手戈大
菺,廿竹尸月
萌,廿日月
蒏,廿月一田
茿,廿一弓十
菩,廿卜廿口
荋,廿一月中
茥,廿土土
萊,廿木人人
菢,廿手心山
菜,廿月木
萑,廿人土
菉,廿女弓水
菋,廿口十木
萍,廿水一十
茪,廿火一山
萁,廿廿一金
菠,廿水木水
葐,廿金尸廿
葸,廿田心
葰,廿人戈水
萹,廿竹尸月
落,廿水竹口
葹,廿卜尸木
葩,廿竹日山
葚,廿廿一女
蒎,廿水竹女
葧,廿十木尸
萼,廿口口尸
萬,廿田中月
葞,廿弓尸十
葆,廿人口木
葡,廿心戈月
葎,廿竹人手
葠,廿人尸水
葵,廿弓人大
葷,廿月十十
萴,廿月金弓
莗,廿十田十
莤,廿一金田
葒,廿女火一
萱,廿十一一
萲,廿月一水
莇,廿月一尸
荶,廿口人弓
葫,廿十口月
葇,廿弓竹木
萵,廿月月口
莔,廿田金月
葑,廿土土戈
葴,廿戈竹口
莍,廿戈十水
莁,廿一人人
葍,廿一口田
葭,廿口卜水
葌,廿女女女
董,廿竹十土
葄,廿月竹尸
葬,廿一心廿
蔇,廿日戈山
葛,廿日心女
葖,廿十金大
葥,廿廿月弓
蒂,廿卜月月
荿,廿戈竹尸
葅,廿人人一
葦,廿木一手
蒍,廿戈大火
葳,廿戈竹女
菙,廿竹十一
莐,廿水中山
莈,廿水弓水
萷,廿火月弓
葙,廿木月山
葶,廿卜口弓
莯,廿水木
莮,廿田大尸
萭,廿竹中月
葺,廿口尸十
葯,廿女火戈
莃,廿大大月
葽,廿一田女
葉,廿心廿木
莥,廿大竹土
萩,廿竹木火
蓑,廿卜田女
蒸,廿弓水火
萣,廿十一人
蓍,廿十心日
蒔,廿日土戈
萛,廿月山廿
蒙,廿月一人
菈,廿手卜廿
蒨,廿人手月
菄,廿木田
蒠,廿竹山心
菿,廿一土弓
蓓,廿人卜口
菛,廿日弓
菗,廿手中田
蓁,廿手大木
蒱,廿手戈月
蒲,廿水戈月
菃,廿水尸尸
蒪,廿戈月戈
蒐,廿竹戈
萉,廿月日山
菧,廿戈竹一
蓀,廿弓木火
蒺,廿大人大
萒,廿卜金山
菮,廿戈中人
菬,廿水尸口
蒜,廿一火火
蓆,廿戈廿月
萓,廿十月一
蒴,廿廿山月
菞,廿竹木竹
蒗,廿水戈女
蒹,廿廿難金
蒻,廿弓一一
蓋,廿土戈廿
蒶,廿女火竹
蓌,廿人人水
蓐,廿一女戈
蓊,廿金戈一
蓉,廿十金口
蒛,廿人山大
蒼,廿人戈口
蒯,廿月中弓
蓂,廿月日金
蒧,廿戈竹口
蓖,廿竹田心
蒟,廿卜廿口
蒿,廿卜口月
蓏,廿竹人人
菣,廿尸中水
蒡,廿卜月尸
蓇,廿月月月
蒞,廿水人廿
蓄,廿卜女田
蔬,廿弓一山
蔥,廿竹田心
蔌,廿木中人
蔏,廿卜金月
蔡,廿月人火
蔎,廿卜口水
蔯,廿弓中田
蔟,廿卜尸大
蔀,廿卜口中
蓴,廿十戈戈
蔈,廿一田火
蔧,廿手十一
蔻,廿十一水
蓯,廿竹人人
蓿,廿十人日
蓫,廿卜一人
蓪,廿卜弓月
蔫,廿一卜火
蔉,廿卜金女
蔚,廿尸火戈
蔗,廿戈廿火
蔊,廿火日十
蔭,廿弓中戈
蔠,廿女火卜
蓨,廿人中月
蔕,廿大心月
蔑,廿田中戈
蓧,廿人中木
蓬,廿卜竹十
蓱,廿水廿廿
蓷,廿手人土
蔂,廿田女火
蔪,廿十十中
蓲,廿尸口口
萶,廿手大日
蔦,廿竹日火
葮,廿竹十水
蓰,廿竹人人
萻,廿卜廿日
蓮,廿卜十十
蔆,廿水土水
萿,廿水竹口
蔔,廿心一田
蓼,廿尸一竹
蔽,廿火月大
蓽,廿田廿十
蓺,廿土土戈
蓾,廿卜田戈
蔣,廿女一戈
蔓,廿日田水
蔤,廿十心山
葾,廿弓山心
蕱,廿竹木月
蔞,廿中田女
萳,廿十月十
萰,廿木田火
葝,廿一一尸
萺,廿日月山
葃,廿日竹尸
萯,廿弓月金
葨,廿田一女
蔱,廿大金水
葋,廿月心口
葔,廿人弓大
葟,廿竹日土
萫,廿竹木日
葀,廿手竹口
葂,廿弓山尸
蓛,廿木月大
蒤,廿水人木
蕊,廿心心心
薌,廿女竹中
蒮,廿人月土
蓅,廿水卜山
蕉,廿人土火
蒬,廿月弓戈
蕞,廿日尸水
蕢,廿中一金
蒘,廿女口手
蕄,廿日弓心
蕬,廿女火火
蓔,廿廿土火
蒚,廿一口月
蕃,廿竹木田
蕫,廿卜廿土
蕩,廿水日竹
蕦,廿竹竹金
蓒,廿十十十
蒢,廿弓中木
蕈,廿一田十
蕆,廿戈竹金
蕡,廿十廿金
蕧,廿竹人水
蕑,廿日弓月
蕝,廿女火山
蒫,廿廿手一
蓎,廿戈中口
蒰,廿竹卜水
蒑,廿竹尸水
蓗,廿竹人人
蒩,廿竹木一
蒝,廿一竹火
蕁,廿尸一戈
蕕,廿大竹田
蕪,廿人廿火
蕭,廿中難
蔾,廿竹竹木
蕖,廿水尸木
蕍,廿水人弓
蕅,廿水田月
蕘,廿土土山
蕠,廿女口火
蕛,廿竹木竹
蕙,廿十戈心
蕮,廿竹難火
蕨,廿一廿人
蕣,廿月月手
蕓,廿一月戈
蕤,廿一人一
蕎,廿竹大月
蓻,廿土十戈
薙,廿人大土
蔜,廿土尸大
薄,廿水戈戈
蔝,廿月山木
蔖,廿卜心一
蔮,廿田戈一
薢,廿弓月手
薡,廿月山中
蔨,廿田火山
蔍,廿戈難心
蔙,廿卜尸人
蔋,廿水卜水
薠,廿火一金
薔,廿土人田
薋,廿戈人金
薈,廿人一日
薟,廿人一人
蕼,廿尸戈手
薪,廿卜木中
蕾,廿一月田
薐,廿竹木水
薘,廿卜土手
蕗,廿口一口
薛,廿竹口十
薯,廿田中日
蕺,廿口十戈
薆,廿月月水
蕷,廿弓弓金
蕹,廿卜女土
薇,廿竹人大
蓶,廿口人土
薁,廿竹月大
薝,廿弓金口
薃,廿水卜月
薎,廿田中戈
蔩,廿十一金
薅,廿女一戈
薂,廿竹尸大
薜,廿尸口十
薕,廿戈廿金
蕸,廿卜口水
薉,廿卜一竹
薤,廿一弓一
薀,廿水田廿
薧,廿卜口心
薏,廿卜廿心
蕶,廿一月戈
薍,廿月月山
薞,廿一弓女
蔰,廿竹尸山
薊,廿弓火弓
蔒,廿尸口火
蓩,廿弓竹尸
蔘,廿戈戈竹
薖,廿卜月月
薨,廿田中心
薚,廿一弓竹
薣,廿土廿水
蕻,廿尸戈金
薑,廿一田一
蓹,廿竹人中
蓳,廿廿中一
藐,廿月竹山
薸,廿水一火
薾,廿一火月
藀,廿火火火
藍,廿尸戈廿
藆,廿十廿手
薶,廿月竹土
蕥,廿一竹土
蕇,廿口口十
薴,廿十心弓
藒,廿竹木女
蕔,廿土十水
薩,廿弓中一
藇,廿竹難金
薵,廿土弓戈
藄,廿廿金火
藈,廿月山大
蕀,廿木月月
薳,廿卜土女
藎,廿中一廿
薿,廿心大人
薦,廿戈難火
蘤,廿竹日火
薹,廿土口土
藂,廿尸水人
藅,廿田中弓
薰,廿竹土火
薷,廿一月月
薱,廿廿土戈
藋,廿尸一土
藃,廿卜月人
藉,廿手木日
薽,廿一土弓
藏,廿戈一尸
薺,廿卜難
藫,廿水一十
藡,廿卜卜月
藯,廿尸戈心
藦,廿戈木手
藕,廿手木月
藩,廿水竹田
藙,廿卜人水
藤,廿月火水
藬,廿弓中金
藸,廿一人日
藱,廿大竹戈
藰,廿竹金弓
藚,廿土田金
藥,廿女戈木
藢,廿竹人大
藗,廿卜木人
藝,廿土戈戈
藷,廿卜口日
藭,廿十金弓
藟,廿田田田
藣,廿田中心
藨,廿戈心火
藜,廿竹竹水
藑,廿弓月水
藪,廿中女大
藘,廿卜心心
蘀,廿手田十
藽,廿卜木山
藻,廿水口木
蘇,廿弓火木
蘊,廿女火廿
藶,廿一木一
藹,廿卜口女
蘄,廿口十中
藺,廿日弓土
蘅,廿竹人弓
蘌,廿竹中火
蘉,廿田中水
蘋,廿卜竹金
蘢,廿卜月心
蘆,廿卜心廿
藿,廿一月土
蘑,廿戈木口
蘁,廿一土口
藾,廿木中金
蘚,廿弓火手
蘙,廿尸水一
蘟,廿弓中心
蘪,廿戈心木
蘭,廿日弓田
藞,廿一口口
蘬,廿竹一月
蘠,廿女一田
藲,廿木尸口
蘛,廿廿女月
蘧,廿卜卜人
蘗,廿尸十木
蘩,廿人大火
蘞,廿人人大
蘣,廿廿金土
蘦,廿一月口
蘘,廿卜口女
蘮,廿田中弓
蘥,廿人一月
蘡,廿月金女
蘜,廿廿十木
蘲,廿田田土
蘴,廿山十廿
蘶,廿竹女戈
蘳,廿廿金土
蘵,廿尸十日
蘹,廿心卜女
虀,廿卜尸一
蘸,廿一土火
蘻,廿十水火
蘾,廿土卜女
蘿,廿田中土
蘺,廿卜月土
蘱,廿火大金
蘼,廿戈木卜
虃,廿水人一
虈,廿口口口
虆,廿田田火
虇,廿弓廿土
虌,廿火大山
虋,廿竹月竹
虍,卜心
虎,卜心竹山
虐,卜心尸一
虓,大弓卜心山
虔,卜心卜大
虒,竹卜心山
虙,卜心心竹
虖,卜心竹火木
處,卜心竹水弓
虛,卜心廿一
虞,卜心口女大
號,口尸卜心山
虜,卜心田大尸
虥,卜山戈戈
虡,卜心廿一金
虢,月戈卜心山
虨,卜木竹竹竹
虤,卜山卜心山
虣,一一卜心山
虧,卜土一一尸
虩,火火卜心山
虪,卜山人中火
虫,中一戈
虰,中戈一弓
虯,中戈女中
虮,中戈竹弓
虱,弓竹中戈
虭,中戈尸竹
虴,中戈竹心
虻,中戈卜女
虺,一山中一戈
虹,中戈一
虼,中戈人弓
虳,中戈心戈
虷,中戈一十
蚗,中戈木大
蚅,中戈竹尸山
蚡,中戈金尸竹
蚐,中戈心戈一
蚔,中戈竹女心
蚢,中戈卜竹弓
蚣,中戈金戈
蚑,中戈十水
蚞,中戈木
蚎,中戈日
蚚,中戈竹一中
蚆,中戈日山
蚥,中戈金大
蚇,中戈尸人
蚧,中戈人中中
蚙,中戈人戈弓
蚤,水戈中一戈
蚓,中戈弓中
蚪,中戈卜十
蚝,中戈竹手山
蚨,中戈手人
蚩,山一中戈
蚋,中戈人月
蚊,中戈卜大
蚜,中戈一女竹
蚕,竹大中一戈
蚘,中戈戈大山
蚖,中戈一一山
蚍,中戈心心
蚌,中戈手十
蛉,中戈人戈戈
蛅,中戈卜口
蚼,中戈心口
蚺,中戈土月
蛄,中戈十口
蛀,中戈卜土
蚶,中戈廿一
蚷,中戈尸尸
蚿,中戈卜女戈
蛆,中戈月一
蚳,中戈竹心一
蛌,中戈竹女人
蚴,中戈女戈尸
蚸,中戈竹一卜
蛈,中戈竹手人
蚰,中戈中田
蛁,中戈尸竹口
蛂,中戈戈大大
蛃,中戈一人月
蚽,中戈一火一
蚻,木山中一戈
蚵,中戈一弓口
蛋,弓人中一戈
蚹,中戈人木戈
蚯,中戈人一
蛇,中戈十心
蚱,中戈竹尸
蚾,中戈木竹水
蛘,中戈廿手
蛭,中戈一戈土
蛙,中戈土土
蛜,中戈人尸大
蛔,中戈田口
蛛,中戈竹十木
蛨,中戈一日
蛐,中戈廿田
蛢,中戈廿廿
蛫,中戈弓一山
蛗,竹口中一戈
蛪,手竹中一戈
蛚,中戈一弓弓
蛝,中戈日女
蛩,一弓中一戈
蛑,中戈戈竹手
蛞,中戈竹十口
蛣,中戈土口
蛓,十戈中一戈
蛬,廿金中一戈
蛦,中戈大弓
蛟,中戈卜金大
蛤,中戈人一口
蜈,中戈口女大
蜀,田中心中戈
蜓,中戈弓大土
蜊,中戈竹木弓
蛾,中戈竹手戈
蛻,中戈金口山
蜋,中戈戈日女
蜃,一女中一戈
蛹,中戈弓戈月
蛸,中戈火月
蜎,中戈口月
蝆,中戈中一手
蜌,中戈心心土
蛶,中戈月木戈
蜄,中戈一一女
蛺,中戈大人人
蜆,中戈月山山
蜇,手中中一戈
蜅,中戈戈十月
蝍,中戈日戈中
蛷,中戈戈十水
蜂,中戈竹水十
蜉,中戈月弓木
蜍,中戈人一木
蛖,中戈山竹
蛵,中戈一女一
蜁,中戈人弓人
蜜,十心竹戈
蜺,中戈竹難山
蜩,中戈月土口
蜮,中戈戈口一
蜢,中戈弓木廿
蜱,中戈竹竹十
蜵,中戈中難中
蜬,中戈弓山水
蜛,中戈尸十口
蜧,中戈竹尸大
蜳,中戈卜口木
蜪,中戈心人山
蜦,中戈人一月
蜲,中戈竹木女
蜙,中戈木金戈
蜤,木中中一戈
蝁,一一中一戈
蜸,尸水中一戈
蜠,中戈田竹木
蜘,中戈人大口
蜼,中戈人土
蝕,人戈中一戈
蜥,中戈木竹中
蜰,月山中一戈
蝂,中戈中中水
蜒,中戈弓大一
蜚,中卜中一戈
蜑,弓一中一戈
蜴,中戈日心竹
蝀,中戈木田
蜿,中戈十弓山
蜷,中戈火手山
蜨,中戈十中人
蜞,中戈廿一金
蝃,中戈水水水
蜡,中戈廿日
蜣,中戈廿土山
蜾,中戈田木
蜭,中戈弓竹難
蜻,中戈手一月
蝺,中戈竹中月
蝨,弓十中戈戈
蝗,中戈竹日土
蝣,中戈卜尸木
蝵,竹火中一戈
蝻,中戈十月十
蝓,中戈人一弓
蝩,中戈竹十土
蝖,中戈十一一
蝑,中戈弓人月
蝘,中戈尸日女
蝸,中戈月月口
蝤,中戈廿金田
蝫,中戈十大日
蝧,中戈廿中大
蝢,中戈一月金
蝛,中戈戈竹女
蝒,中戈一田中
蝭,中戈日一人
蝪,中戈日一竹
蝟,中戈田月
蝬,中人山金水
蝴,中戈十口月
蝥,弓大中一戈
蝌,中戈竹木十
蝜,中戈弓月金
蝎,中戈日心女
蝠,中戈一口田
螂,中戈戈戈中
蝮,中戈人日水
蝔,中戈心心日
蟡,中戈戈大火
蕵,廿弓戈女
蝦,中戈口卜水
蝳,中戈手一卜
蝶,中戈心廿木
蝝,中戈女弓人
蝏,中戈卜口弓
蝯,中戈月一水
蝷,中戈戈廿山
蝡,中戈一月大
蝙,中戈竹尸月
蝐,中戈日月山
蝞,中戈日竹山
蝚,中戈弓竹木
螔,中戈竹卜山
螜,土水中一戈
螒,十十人中戈
螗,中戈戈中口
螣,月火手戈
螇,中戈月女大
螑,中戈竹山大
螟,中戈月日金
螖,中戈月月月
螝,中戈竹戈
螐,中戈竹口火
螤,卜戈竹難人
螛,中戈十手口
螏,中戈大人大
螞,中戈尸手火
螚,戈心中一戈
螁,中戈卜日女
螘,中戈山一廿
螓,中戈手大木
蝹,中戈田人廿
螅,中戈竹山心
螉,中戈金戈一
融,一月中一戈
螢,火火月中戈
螃,中戈卜月尸
螈,中戈一竹火
螄,中戈竹口月
螴,弓田中一戈
螰,中戈戈難心
蟈,中戈田戈一
螭,中戈卜山月
螪,中戈卜金月
螼,中戈廿中一
螷,戈竹竹戈
蟂,中戈竹日木
螸,金人中一戈
蟌,中戈竹田心
螮,中戈大心月
螬,中戈廿田日
螲,中戈十金土
螶,尸尸中戈戈
蟃,中戈日田水
螫,土大中一戈
螻,中戈中田女
蟆,中戈廿日大
蟊,弓竹中戈戈
螳,中戈火月土
蟀,中戈卜戈十
蟅,中戈戈廿火
蟒,中戈廿戈廿
螯,土大中一戈
蟄,土戈中一戈
螵,中戈一田火
螾,中戈十一金
蟋,中戈竹木心
螹,中戈十十中
螽,竹水卜中戈
蟑,中戈卜廿十
螿,女戈中一戈
蟉,中戈尸一竹
螺,中戈田女火
蟗,十月中中戈
蟯,中戈土土山
蟴,廿中中一戈
蟧,中戈火火尸
蟬,中戈口口十
蟫,中戈一田十
蟠,中戈竹木田
蟤,中戈口山金
蟛,中戈土廿竹
蟳,中戈尸一戈
蟞,火大中一戈
蟦,中戈十廿金
蟝,中戈水尸木
蟘,中戈人心金
蟟,中戈大金火
蟨,一人中一戈
蟔,中戈田土火
蟲,中戈中戈戈
蠁,女中中一戈
蟪,中戈十戈心
蟙,中戈卜戈日
蟜,中戈竹大月
蟥,中戈廿一金
蟓,中戈弓日人
蟭,中戈人土火
蟢,中戈土口口
蟣,中戈女戈戈
蟻,中戈廿土戈
蟷,中戈火月田
蠀,中戈戈人金
蠃,卜口月中弓
蠈,月十中一戈
蠂,中戈廿心木
蠋,中戈田中戈
蠍,中戈日女人
蟿,十水中一戈
蟼,廿大中一戈
蠉,中戈田中女
蠌,中戈田中十
蟹,弓手中一戈
蠅,中戈口難山
蟶,中戈尸口土
蟺,中戈卜田一
蠊,中戈戈廿金
蟾,中戈弓金口
蠆,廿田月戈
蠔,中戈卜口人
蠖,中戈廿人水
蠐,中戈卜難
蠕,中戈一月月
蠓,中戈廿月人
蠗,中戈尸一土
蠑,中戈火火木
蠙,中戈十一金
蠡,女人中戈戈
蠠,一田中戈戈
蠣,中戈一廿月
蠝,中戈田田田
蠟,中戈女女女
蠛,中戈廿田戈
蠢,手大日中戈
蠤,廿田中戈戈
蠜,木木大中戈
蠥,山十中一戈
蠨,中戈廿中難
蠫,月弓中戈戈
蠬,中戈卜月心
蠩,中戈卜口日
蠦,中戈卜心廿
蠪,卜心中一戈
蠰,中戈卜口女
蠮,中戈尸水一
蠲,廿廿田中戈
蠯,戈竹竹戈
蠳,中戈月金女
蠱,中戈中戈廿
蠹,十月一口戈
蠸,中戈廿口土
蠵,中戈山人月
蠶,一山日中戈
蠷,中戈月山土
蠻,女火中一戈
蠼,中戈月山水
蠾,中戈尸卜戈
蠽,火戈中戈戈
蠿,女一中戈戈
血,竹月廿
衁,卜女竹月廿
衄,竹廿弓土
衃,竹廿一火
衈,竹廿尸十
衊,竹廿廿田戈
衋,中手一日廿
行,竹人一一弓
衍,竹人水一弓
衎,竹人一十弓
衒,竹人卜戈弓
術,竹人戈金弓
衖,竹人廿金弓
街,竹人土土弓
衕,竹人月口弓
衙,竹人一口弓
衛,竹人木手弓
衝,竹人竹土弓
衚,竹人十口弓
衡,竹人弓大弓
衢,竹人月土弓
衣,卜竹女
衫,中竹竹竹
衪,中心木
衧,中一木
衩,中水戈
表,手一女
衼,中十水
衿,中人戈弓
袂,中木大
衭,中手人
衲,中人月
衹,中竹女心
衶,中中
衯,中金尸竹
袀,中心戈一
衱,中弓竹水
衵,中日
衽,中竹土
衴,中中月山
袟,中竹手人
衾,人戈弓女
袍,中心口山
袢,中火手
袚,中戈大大
袘,中人心木
袁,土口竹女
袪,中土戈
袧,中心口
袑,中尸竹口
袉,中十心
袎,中女戈尸
袨,中卜女戈
袕,中十金
袡,中土月
衰,卜田一女
袛,中竹心一
袖,中中田
被,中木竹水
袗,中人竹竹
袃,心竹卜竹女
袓,中月一
袒,中日一
衷,卜中竹女
袺,中土口
袽,中女口
袼,中竹水口
袞,卜金口竹女
袌,卜心山女
袹,中一日
裀,中田大
裉,中日女
袬,卜戈口女
袋,人心卜竹女
袾,中竹十木
袤,卜弓竹女
袱,中人戈大
袈,大口卜竹女
袙,中竹日
袷,中人一口
裡,中田土
裞,中金口山
袸,中大中木
裖,中一一女
袶,中竹水手
袲,卜弓戈女
裙,中尸大口
裂,一弓卜竹女
裕,中金人口
裋,中一口廿
裎,中口竹土
裁,十戈卜竹女
裌,中大人人
補,中戈十月
裒,卜竹難女
裊,竹日卜女
裲,中一中月
裸,中田木
裏,卜田土女
裱,中手一女
裴,中卜卜竹女
裟,水竹卜竹女
裼,中日心竹
裧,中火火
裝,女土卜竹女
裯,中月土口
褚,中十大日
裗,中卜戈山
裚,手中卜竹女
裘,戈水卜竹女
裨,中竹竹十
裛,卜口日女
裰,中水水水
裾,中尸十口
裔,卜女月金口
裷,中火手山
褂,中土土卜
裺,中大中山
褌,中月十十
裫,中中難中
裳,火月口卜女
褘,中木一手
裻,卜水卜竹女
裹,卜田木女
褋,中心廿木
褓,中人口木
褙,中中心月
褕,中人一弓
褉,中手竹大
褖,中女弓人
裍,中田木
裬,中土金水
裶,中中一卜
褊,中竹尸月
裮,中日日
褐,中日心女
複,中人日水
褔,中一口田
製,竹弓卜竹女
褯,中戈廿月
褪,中卜日女
褫,中竹卜山
褡,中廿人口
褟,中日尸一
褎,卜竹木女
褞,中田人廿
褥,中一女戈
褒,卜人木女
褅,中卜月月
褑,中月一水
褲,中戈十十
褗,中尸日女
褦,中戈月心
褆,中日一人
裐,中口月
褸,中中田女
褱,卜田中女
褢,卜竹戈女
襁,中弓戈戈
褵,中卜山月
褰,十廿金女
褩,竹水卜竹女
褳,中卜十十
褧,尸火卜竹女
褷,中竹人人
褾,中一田火
褼,中一田山
襂,中戈戈竹
褶,中尸一日
褬,中水水木
襒,中火月大
褣,中十金口
褮,火火月卜女
褭,卜尸火女
襆,中廿金人
襓,中土土山
襏,中弓人水
襐,中弓日人
褻,卜土戈女
襋,中木月月
襄,卜口口女
襌,中口口十
襉,中日弓月
褽,尸戈卜竹女
襢,中卜田一
襗,中田中十
襑,中尸一戈
襖,中竹月大
襛,中廿田女
襚,中卜廿人
襠,中火月田
襟,中木木火
襘,中人一日
襜,中弓金口
襡,中田中戈
襝,中人一人
襞,尸十卜竹女
襤,中尸戈廿
襣,中竹山中
襙,中口口木
襦,中一月月
襫,中大一日
襪,中廿田戈
襭,中土口金
襮,中日廿水
襬,中田中心
襱,中卜月心
襯,中卜木山
襩,中土田金
襴,中日弓田
襲,卜心卜竹女
襳,中人戈一
襶,中十戈金
襺,中廿月戈
襼,中廿土戈
襹,中一一心
襻,中木木手
襾,一山月
西,一金田
要,一田女
覂,一田竹戈人
覃,一田日十
覅,一女心竹竹
覆,一田竹人水
覈,一田竹尸大
見,月山竹山
覓,月月山山
規,手人月山山
覕,心竹月山山
視,戈火月山山
覗,尸口月山山
覘,卜口月山山
覜,中一山人山
覛,竹女月山山
覝,一火月山山
覟,土心月山山
覡,一人月山山
覞,月山月山山
覤,卜山月山山
覣,竹女月山
覢,火火月山山
親,卜木月山山
覦,人弓月山山
覭,月金月山山
覮,火火月月山
覬,山廿月山山
覯,廿月月山山
覲,廿一月山山
覷,卜一月山山
覶,月月月山山
覺,竹月月山山
覹,月山竹人大
覽,尸田月山山
覿,土金月山山
覾,十田月山山
觀,廿土月山山
角,弓月土
觓,弓月女中
觔,弓月大尸
觙,弓月弓竹水
觖,弓月木大
觕,竹手弓月土
觝,弓月竹心一
觛,弓月日一
觚,弓月竹女人
解,弓月尸竹手
觜,卜心弓月土
触,弓月中一戈
觠,火手弓月土
觟,弓月土土
觥,弓月火一山
觢,手竹弓月土
觡,弓月竹水口
觤,弓月弓一山
觨,弓月一水
觫,弓月木中
觩,弓月戈十水
觬,弓月竹難山
觭,弓月大一口
觰,弓月十大日
觱,戈口弓月土
觳,土月竹弓水
觲,弓月廿土手
觴,弓月人日竹
觶,弓月口口十
觷,竹月弓月土
觸,弓月田中戈
觺,心人弓月土
觻,弓月女戈木
觼,弓月弓月水
觾,弓月廿中火
觿,弓月山人月
言,卜一一口
計,卜口十
訇,心卜一口
訂,卜口一弓
訄,大弓卜一口
訃,卜口卜
討,卜口木戈
訓,卜口中中中
訕,卜口山
訊,卜口弓十
託,卜口竹心
訐,卜口一十
訖,卜口人弓
訏,卜口一木
記,卜口尸山
訌,卜口一
訒,卜口尸竹戈
訑,卜口心木
許,卜口人十
訥,卜口人月
訧,卜口戈大山
訛,卜口人心
訝,卜口一女竹
訪,卜口卜竹尸
訣,卜口木大
訢,卜口竹一中
訬,卜口火竹
訟,卜口金戈
設,卜口竹弓水
訞,卜口竹大
訰,卜口心山
詌,卜口廿一
註,卜口卜土
診,卜口人竹竹
詈,田中卜一口
詅,卜口人戈戈
詛,卜口月一
詙,卜口戈大大
詊,卜口火手
訶,卜口一弓口
詗,卜口月口
詖,卜口木竹水
詁,卜口十口
詍,卜口心廿
詏,卜口女戈尸
詑,卜口十心
詎,卜口尸尸
詒,卜口戈口
訹,卜口戈十金
詄,卜口竹手人
詀,卜口卜口
詆,卜口竹心一
詘,卜口山山
訴,卜口竹一卜
詞,卜口尸一口
詠,卜口戈弓水
評,卜口一火十
詔,卜口尸竹口
詐,卜口竹尸
証,卜口一卜一
詴,卜口大月
詷,卜口月一口
詺,卜口弓戈口
訾,卜心卜一口
話,卜口竹十口
詡,卜口尸一一
詨,卜口卜金大
誆,卜口尸一土
誠,卜口戈竹尸
詢,卜口心日
誅,卜口竹十木
誁,卜口廿廿
誄,卜口手木
詵,卜口竹土山
誇,卜口大一尸
詹,弓金卜一口
訿,卜口卜一心
詣,卜口心日
詰,卜口土口
詩,卜口土木戈
試,卜口戈心一
詻,卜口竹水口
該,卜口卜女人
詭,卜口弓一山
詼,卜口大火
詫,卜口十竹心
誃,卜口弓戈弓
詬,卜口竹一口
詮,卜口人一土
誂,卜口中一人
詿,卜口土土
詳,卜口廿手
詶,卜口戈中中
誓,手中卜一口
誖,卜口十月木
誘,卜口竹木尸
誨,卜口人田卜
誋,卜口尸山心
誦,卜口弓戈月
誌,卜口土心
誚,卜口火月
誡,卜口戈廿
語,卜口一一口
說,卜口金口山
誧,卜口戈十月
誣,卜口一人人
誑,卜口大竹土
誤,卜口口女大
誙,卜口一女一
認,卜口尸戈心
誥,卜口竹土口
誏,卜口戈日女
誫,卜口一一女
誒,卜口戈人大
諔,卜口卜火水
諑,卜口一尸人
談,卜口火火
諉,卜口竹木女
誰,卜口人土
誾,日弓卜一口
誹,卜口中一卜
誕,卜口弓大一
誶,卜口卜人十
課,卜口田木
調,卜口月土口
諒,卜口卜口火
誻,卜口水日
論,卜口人一月
諍,卜口月尸木
諃,卜口木木
諙,卜口竹心日
諕,卜口卜心山
誼,卜口十月一
諘,卜口手一女
諅,廿金卜一口
誸,卜口弓卜戈
誺,卜口木人人
諄,卜口卜口木
諀,卜口竹竹十
諸,卜口十大日
請,卜口手一月
諏,卜口尸十水
諗,卜口人戈心
諆,卜口廿一金
誽,卜口竹難山
諓,卜口戈戈
諛,卜口竹難人
諂,卜口弓竹難
諨,卜口一口田
諿,卜口口尸十
諶,卜口廿一女
諯,卜口山一月
謏,卜口竹難水
諝,卜口弓人月
諳,卜口卜廿日
諜,卜口心廿木
諮,卜口戈人口
諢,卜口月十十
謂,卜口田月
諈,卜口竹十一
諱,卜口木一手
諦,卜口卜月月
諞,卜口竹尸月
諟,卜口日一人
諻,卜口竹日土
諰,卜口田心
諡,卜口金一廿
諷,卜口竹弓戈
諵,卜口十月十
謀,卜口廿一木
諲,卜口一田土
諠,卜口十一一
諼,卜口月一水
謁,卜口日心女
諤,卜口口口尸
謔,卜口卜心一
諾,卜口廿大口
諫,卜口木田火
諭,卜口人一弓
諺,卜口卜竹竹
諴,卜口戈竹口
諧,卜口心心日
謒,卜口人戈口
謈,日廿金口
謠,卜口月人山
謅,卜口心山山
謝,卜口竹竹戈
謍,火火月卜口
講,卜口廿廿月
謇,十廿金口
謓,卜口十月金
謜,卜口一竹火
謑,卜口月女大
謘,卜口尸卜十
謙,卜口廿難金
謆,卜口竹尸一
謞,卜口卜口月
謢,卜口人土水
謗,卜口卜月尸
謊,卜口廿卜山
謐,卜口心竹廿
謄,月火手口
謎,卜口卜火木
謋,卜口弓手木
謚,卜口廿金廿
謕,卜口竹卜山
謖,卜口田金水
謣,卜口一月尸
謺,土戈卜一口
謮,卜口手一金
謾,卜口日田水
謧,卜口卜山月
謪,卜口卜金月
謷,土大卜一口
謻,卜口竹木弓
謼,卜口卜心木
謨,卜口廿日大
謬,卜口尸一竹
謳,卜口尸口口
謦,土水卜一口
謤,卜口一田火
謥,卜口竹田心
謱,卜口中田女
謹,卜口廿中一
謰,卜口卜十十
謫,卜口卜金月
謵,卜口尸一日
謯,卜口卜心一
謶,卜口戈廿火
謽,弓戈卜一口
識,卜口卜戈日
譒,卜口竹木田
譆,卜口土口口
譀,卜口一十大
譋,卜口日弓月
譊,卜口土土山
譐,卜口廿田戈
譜,卜口廿金日
譕,卜口人廿火
譂,卜口口口十
譇,卜口大十日
譗,卜口竹人口
譖,卜口一山日
譚,卜口一田十
譈,卜口卜木大
譏,卜口女戈戈
譔,卜口口山金
譙,卜口人土火
證,卜口弓人廿
譎,卜口弓竹月
譓,卜口十戈心
譑,卜口竹大月
譁,卜口廿一十
譝,卜口口難山
譭,卜口竹土水
譬,尸十卜一口
譫,卜口弓金口
譨,卜口廿田女
譣,卜口人一人
譧,卜口戈廿金
譠,卜口卜田一
譟,卜口口口木
譥,竹大卜一口
譪,卜口廿日女
議,卜口廿土戈
警,廿大卜一口
譯,卜口田中十
譻,月金卜一口
譹,卜口卜口人
譴,卜口卜中口
護,卜口廿人水
譺,卜口心大人
譸,卜口土弓戈
譽,竹金卜一口
譅,卜口尸戈一
譿,卜口手十心
讂,卜口弓月水
讄,卜口田田田
譾,卜口廿月一
讅,卜口十竹田
讆,竹弓卜一口
讀,卜口土田金
讎,人土卜口土
讈,卜口一木一
讌,卜口廿中火
讋,卜心卜一口
變,女火人大
讔,卜口弓中心
讒,卜口弓口戈
讕,卜口日弓田
讖,卜口人戈一
讓,卜口卜口女
讘,卜口尸十十
讙,卜口廿口土
讚,卜口竹山金
讞,卜口卜月大
讜,卜口火月火
讟,卜口土金口
谷,金人口
谻,金口弓手
谹,金口大戈
谼,金口廿金
谽,金口人戈口
谾,金口十金一
豁,十口金人口
谿,月大金人口
豂,金口尸一竹
豃,金口一十大
豅,金口卜月心
豆,一口廿
豇,一廿一
豈,山一口廿
豉,一廿十水
豋,月人一口廿
豊,廿田一口廿
豌,一廿十弓山
豎,尸水一口廿
豍,一廿竹竹十
豏,一廿廿難金
豐,山十一口廿
豔,山廿土戈廿
豕,一尸竹人
豖,一尸大人
豗,一山一尸人
豬,一人十大日
豝,一人日山
豚,月一尸人
豜,一人一廿
豟,一人竹尸弓
象,弓日心人
豢,火手一尸人
豥,一人卜女人
豦,卜心一尸人
豤,一人日女
豪,卜口月人
豩,一人一尸人
豨,一人大大月
豫,弓弓弓日人
豭,一人口卜水
豱,一人田人廿
豰,土人竹弓水
豲,一人一竹火
豯,一人月女大
豳,山一人人
豵,一人竹人人
豶,一人十廿金
豷,一人土月廿
豸,月尸竹竹
豺,月竹木竹
豹,月竹心戈
豻,月竹一十
豽,月竹人月
貂,月竹尸竹口
貁,月竹十金
貀,月竹山山
貊,月竹一日
貆,月竹一日一
貅,月竹人木
貉,月竹竹水口
貄,月竹中手
貍,月竹田土
貌,月竹竹日山
貏,月竹竹竹十
貒,月竹山一月
貓,月竹廿田
貐,月竹人一弓
貑,月竹口卜水
郺,弓弓女女山
貕,月竹月女大
貔,月竹竹田心
貙,月竹尸口口
貘,月竹廿日大
貗,月竹中田女
貚,月竹口口十
貜,月竹月山水
貝,月山金
負,弓月山金
貞,卜月山金
貣,戈心月山金
財,月金木竹
貤,月金心木
貢,一月山金
貥,月金卜竹弓
貪,人戈弓金
販,月金竹水
貧,金尸竹金
責,手一月山金
貫,田十月山金
貨,人心月山金
貿,竹竹月山金
買,田中月山金
貴,中一月山金
賀,大口月山金
貳,戈心一一金
貰,心廿月山金
貸,人心月山金
貺,月金口竹山
賁,十廿月金
費,中弓月山金
貵,戈大月山金
貶,月金竹戈人
貽,月金戈口
貹,月金竹手一
貾,月金竹心一
貼,月金卜口
貯,月金十一弓
賂,月金竹水口
貲,卜心月山金
賈,一田月山金
資,戈人月山金
賄,月金大月
賃,人土月山金
賌,卜人月山金
賅,月金卜女人
賊,月金戈十
賒,月金人一火
賑,月金一一女
賓,十一竹金
賗,月金中中
賕,月金戈十水
賏,月金月山金
賤,月金戈戈
賦,月金一心一
賜,月金日心竹
賟,月金廿月金
賭,月金十大日
賨,十一一金
賧,月金火火
質,竹中月山金
賞,火月口月金
賬,月金尸一女
賙,月金月土口
賡,戈中人金
賥,月金卜人十
賢,尸水月山金
賠,月金卜廿口
賣,土田中金
賝,月金月金木
賚,木人月山金
賮,中一火月金
賰,月金手大日
賳,月金十戈口
賴,木中尸竹金
賵,月金日月山
賱,月金月十十
賺,月金廿難金
賸,月火手金
賹,月金廿金廿
賻,月金戈月戈
購,月金廿廿月
賽,十廿金金
贂,月金戈戈竹
賾,尸中手一金
贅,土大月山金
贄,土戈月山金
贀,尸水月山金
贆,月金戈大大
贇,卜一月山金
贈,月金金田日
贉,月金一田十
贊,竹山月山金
贏,卜口月月弓
贍,月金弓金口
贓,月金戈一尸
贔,月金月金金
贐,月金中一廿
贗,一火月山金
贕,竹竹尸中金
贖,月金土田金
贙,卜山月山金
贛,卜十竹水金
赤,土中弓金
赦,土金人大
赧,土金尸中水
赩,土金弓日山
赨,土金中一戈
赫,土金土中金
赭,土金十大日
赮,土金口卜水
赬,土金卜月金
赯,土金戈中口
走,土卜人
赴,土人卜
赲,土人大尸
赳,土人女中
赶,土人一十
起,土人口山
赸,土人山
赹,土人心戈一
赽,土人木大
赻,土人火竹
越,土人戈女
趄,土人月一
趁,土人人竹竹
趀,土人中難竹
超,土人尸竹口
趉,土人山山
趐,土人尸一一
趒,土人中一人
趑,土人戈一人
趎,土人竹十木
趏,土人竹十口
趓,土人竹弓木
趍,土人弓戈弓
趌,土人土口
趔,土人一弓弓
趖,土人人人土
趕,土人日一十
趙,土人火月
趛,土人金
趣,土人尸十水
趠,土人卜日十
趡,土人人土
趜,土人心火木
趟,土人火月口
趧,土人日一人
趥,土人廿金田
趨,土人心山山
趪,土人廿一金
趬,土人土土山
趫,土人竹大月
趭,土人人土火
趮,土人口口木
趯,土人尸一土
趲,土人竹山金
足,口卜人
趴,口一金
趵,口一心戈
趶,口一一木
趷,口一人弓
趿,口一弓竹水
趾,口一卜中一
趺,口一手人
跁,口一日山
趼,口一一廿
跂,口一十水
趹,口一木大
跘,口一火手
跗,口一人木戈
跋,口一戈大大
跌,口一竹手人
跑,口一心口山
跇,口一心廿
跛,口一木竹水
跙,口一月一
跖,口一一口
跜,口一尸心
跚,口一月廿
跍,口一十口
距,口一尸尸
跈,口一人竹竹
跎,口一十心
跆,口一戈口
跅,口一竹一卜
跓,口一卜土
跕,口一卜口
跏,口一大尸口
跱,口一土木戈
跺,口一竹弓木
跰,口一廿廿
跩,口一中田心
跲,口一人一口
跫,一弓口卜人
跪,口一弓一山
跤,口一卜金大
跟,口一日女
跨,口一大一尸
路,口一竹水口
跣,口一竹土山
跐,口一卜一心
跬,口一土土
跦,口一竹十木
跴,口一一金田
跠,口一大弓
跧,口一人一土
跢,口一弓戈弓
跮,口一一戈土
跳,口一中一人
跡,口一卜中金
跽,口一尸山心
踂,口一尸十山
踉,口一戈日女
踄,口一卜中竹
踀,口一口卜人
踃,口一火月
跼,口一尸尸口
踇,口一人田卜
跾,人大口卜人
踊,口一弓戈月
踍,口一十大木
踅,手中口卜人
踆,口一戈金水
跿,口一土卜人
踑,口一廿一金
踚,口一人一月
踠,口一十弓山
踓,口一人土
踙,口一尸十水
踜,口一土金水
踤,口一卜人十
踗,口一人戈心
踝,口一田木
踒,口一竹木女
踮,口一戈卜口
踫,口一廿廿金
踖,口一廿日
踕,口一十中人
踛,口一土金土
踢,口一日心竹
踏,口一水日
踞,口一尸十口
踦,口一大一口
踩,口一月木
踣,口一卜廿口
踟,口一人大口
踡,口一火手山
踘,口一心火木
踔,口一卜日十
踧,口一卜火水
踐,口一戈戈
踥,口一卜廿女
踶,口一日一人
蹄,口一卜月月
踹,口一山一月
踸,口一廿一女
踱,口一戈廿水
踵,口一竹十土
踼,口一日一竹
蹁,口一竹尸月
蹀,口一心廿木
蹅,口一木日一
踽,口一竹中月
踾,口一一口田
踿,口一竹木火
踳,口一手大日
蹂,口一弓竹木
踰,口一人一弓
踴,口一弓月尸
蹋,口一日尸一
蹐,口一火金月
蹌,口一人戈口
蹊,口一月女大
蹍,口一尸廿女
蹎,口一十月金
蹉,口一廿手一
蹇,十廿金人
蹓,口一竹竹田
蹈,口一月竹難
蹝,口一竹人人
蹚,口一火月土
蹤,口一竹人人
蹧,口一廿田日
蹔,十中口卜人
蹣,口一廿中月
蹠,口一戈廿火
蹙,戈火口卜人
蹟,口一手一金
蹛,口一大心月
蹕,口一田廿十
蹡,口一女一戈
蹞,口一心一金
蹢,口一卜金月
蹥,口一卜十十
蹩,火大口卜人
蹖,口一手大難
蹜,口一十人日
蹪,口一中一金
蹗,口一戈難心
蹦,口一山月月
蹳,口一弓人水
蹼,口一廿金人
蹴,口一卜火山
蹲,口一廿田戈
蹻,口一竹大月
蹭,口一金田日
蹬,口一弓人廿
蹯,口一竹木田
蹸,口一火木手
蹶,口一一廿人
躇,口一廿十日
蹺,口一土土山
躁,口一口口木
躄,尸十口卜人
躆,口一卜心人
躂,口一卜土手
躉,廿田月人
躈,口一竹尸大
躅,口一田中戈
躋,口一卜難
躎,口一一火月
躌,口一人廿手
躊,口一土弓戈
躍,口一尸一土
躐,口一女女女
躖,口一女戈一
躒,口一女戈木
躕,口一戈土戈
躚,口一卜一山
躑,口一廿大中
躓,口一竹中金
躔,口一戈田土
躗,竹弓口卜人
躘,口一卜月心
躟,口一卜口女
躝,口一日弓田
躠,廿竹十人
躞,口一火火水
躤,口一廿手日
躣,口一月山土
躡,口一尸十十
躥,口一十金女
躦,口一竹山金
躩,口一月山水
躪,口一廿日土
躨,口一廿金水
身,竹難竹
躬,竹竹弓
躲,竹竹竹弓木
躺,竹竹火月口
躽,竹竹尸日女
軀,竹竹尸口口
軂,竹竹火火尸
軉,竹竹十一金
車,十田十
軋,十十山
軌,十十大弓
軍,月十田十
軓,十十竹弓戈
軒,十十一十
軑,十十大
軔,十十尸竹戈
軏,十十一山
軜,十十人月
軟,十十弓人
軘,十十心山
軠,十十竹土
軞,十十竹手山
軡,十十人戈弓
軝,十十竹女心
軗,十十竹弓水
軛,十十一尸山
軺,十十尸竹口
軥,十十心口
軸,十十中田
軩,十十戈口
軴,十十卜土
軦,十十口竹山
軹,十十口金
軫,十十人竹竹
軯,十十一火十
軮,十十中月大
軻,十十一弓口
軨,十十人戈戈
軱,十十竹女人
軵,十十人木戈
軧,十十竹心一
軼,十十竹手人
軷,十十戈大大
軶,十十竹尸弓
軬,戈大十田十
輆,十十卜女人
輀,十十一月中
載,十戈十田十
輇,十十人一土
軿,十十廿廿
軾,十十戈心一
輈,十十竹月卜
輋,山大十十
較,十十卜金大
輂,廿金十田十
輁,十十廿金
輊,十十一戈土
輅,十十竹水口
輍,十十金人口
輐,十十十一山
輎,十十火月
輒,十十尸十山
輓,十十弓日山
輑,十十尸大口
輕,十十一女一
輔,十十戈十月
輛,十十一中月
輩,中卜十田十
輣,十十月月
輦,手人十田十
輟,十十水水水
輗,十十竹難山
輥,十十日心心
輖,十十月土口
輠,十十田木
輬,十十卜口火
輘,十十土金水
輚,十十戈戈
輝,火山月十十
輤,十十手一月
輞,十十月廿女
輪,十十人一月
輜,十十女女田
輲,十十山一月
輹,十十人日水
輳,十十手大大
輴,十十竹十山
輯,十十口尸十
輵,十十日心女
輸,十十人一弓
輷,十十心卜口
輮,十十弓竹木
輶,十十廿金田
輻,十十一口田
轃,十十手大木
輿,竹難十金
轀,十十田人廿
轅,十十土口女
轂,土十竹弓水
轄,十十十手口
輾,十十尸廿女
轈,十十女女木
轋,十十卜十十
轇,十十尸一竹
轆,十十戈難心
轉,十十十戈戈
轍,十十卜月大
轐,十十廿金人
轏,十十尸弓木
轒,十十十廿金
轓,十十竹木田
轔,十十火木手
轎,十十竹大月
轑,十十大金火
轚,十水十田十
轕,十十廿日女
轗,十十戈口心
轘,十十田中女
轙,十十廿土戈
轖,十十土人田
轞,十十尸戈廿
轛,十十廿土戈
轟,十十十十十
轝,竹金十田十
轠,十十田田田
轢,十十女戈木
轡,女火口
轣,十十一木一
轤,十十卜心廿
辛,卜廿十
辜,十口卜廿十
辟,尸口卜廿十
辣,卜十木中
辦,卜十大尸十
辨,卜十戈中十
辭,月月卜廿十
辯,卜十卜口十
辰,一一一女
辱,一女木戈
農,廿田一一女
辴,口十一一女
迆,卜心木
迂,卜一木
辿,卜山
迄,卜人弓
迅,卜弓十
迉,卜尸
迕,卜人十
返,卜竹水
迋,卜一土
近,卜竹一中
迒,卜卜竹弓
迎,卜竹女中
迍,卜心山
迓,卜一女竹
迤,卜人心木
迪,卜中田
迢,卜尸竹口
迭,卜竹手人
迨,卜戈口
述,卜戈十金
迥,卜月口
迦,卜大尸口
迮,卜竹尸
迗,卜竹大
迖,卜戈大
迫,卜竹日
迣,卜心廿
逃,卜中一人
迠,卜卜口
迡,卜尸心
退,卜日女
迷,卜火木
迸,卜廿廿
迻,卜弓戈弓
送,卜廿大
逅,卜竹一口
逆,卜廿山
迿,卜心日
迾,卜一弓弓
迺,卜一金田
适,卜竹十口
迵,卜月一口
迴,卜田口
逄,卜竹水手
追,卜竹口口
逤,卜水火竹
連,卜十田十
逕,卜一女一
逑,卜戈十水
逍,卜火月
逡,卜戈金水
逌,卜卜田尸
逐,卜一尸人
逝,卜手竹中
速,卜木中
造,卜竹土口
逜,卜一一口
逞,卜口竹土
逋,卜戈十月
迼,卜土口
這,卜卜一口
逗,卜一口廿
迶,卜大月
透,卜竹木尸
逖,卜大竹火
途,卜人一木
逛,卜大竹土
通,卜弓戈月
逢,卜竹水十
逶,卜竹木女
逭,卜十口口
逯,卜女弓水
週,卜月土口
逸,卜弓山戈
逮,卜中水
進,卜人土
逴,卜卜日十
逵,卜土金土
逾,卜人一弓
遒,卜廿金田
遉,卜卜月金
遏,卜日心女
遊,卜卜尸木
遍,卜竹尸月
逿,卜日一竹
違,卜木一手
遐,卜口卜水
過,卜月月口
運,卜月十十
遂,卜廿心人
達,卜土廿手
逼,卜一口田
遁,卜竹十山
道,卜廿竹山
遄,卜山一月
遑,卜竹日土
遇,卜田中月
遜,卜弓木火
遘,卜廿廿月
遞,卜竹卜山
遣,卜中一口
遢,卜日尸一
遛,卜竹竹田
逽,卜廿大口
遠,卜土口女
遙,卜月人山
遝,卜田中水
遮,卜戈廿火
遰,卜大心月
適,卜卜金月
遯,卜月一人
遭,卜廿田日
遷,卜一田山
遨,卜土尸大
遵,卜廿田戈
遳,卜廿人土
遲,卜尸卜手
遫,卜木中大
遧,卜卜廿十
遻,卜口口山
遶,卜土土山
遼,卜大金火
遴,卜火木手
邆,卜弓人廿
遹,卜弓竹月
選,卜口山金
遺,卜中一金
避,卜尸口十
邁,卜廿田月
遾,卜竹一人
遽,卜卜心人
邅,卜卜田一
邂,卜弓月手
邀,卜竹尸大
還,卜田中女
邈,卜月竹山
邃,卜十金人
邇,卜一火月
邋,卜女女女
邊,卜竹山尸
邍,卜竹水水
邏,卜田中土
邐,卜一一心
邙,卜女弓中
邗,一十弓中
邛,一弓中
邘,一木弓中
邪,一竹弓中
那,尸手弓中
邢,一廿弓中
邠,金竹弓中
邥,中山弓中
邡,卜尸弓中
邔,尸山弓中
邟,卜弓弓中
邦,手十弓中
邧,一山弓中
邑,口日山
邲,心竹弓中
邞,手人弓中
邰,戈口弓中
邵,尸口弓中
邯,廿一弓中
邴,一月弓中
邱,人一弓中
邳,一一弓中
邸,竹一弓中
邶,中一心弓中
郎,戈戈弓中
郋,竹山弓中
郈,竹口弓中
郁,大月弓中
郕,戈尸弓中
郇,心日弓中
郱,廿廿弓中
邿,土戈弓中
邽,土土弓中
邾,竹木弓中
郊,卜大弓中
郃,人口弓中
郅,一土弓中
郢,口土弓中
郗,大月弓中
郘,口口弓中
郚,一口弓中
都,十日弓中
郡,尸口弓中
郛,月木弓中
郖,一廿弓中
郙,戈月弓中
郟,大人弓中
郠,一大弓中
郝,土金弓中
郤,金口弓中
郜,竹口弓中
郳,竹山弓中
郲,木人弓中
郥,月金弓中
部,卜口弓中
郣,十木弓中
邕,女女口日山
郔,弓大竹一中
郭,卜木弓中
郫,竹十弓中
郪,十女弓中
郴,木木弓中
郰,尸十水弓中
郯,火火弓中
鄂,口尸弓中
郬,手月弓中
鄃,人弓弓中
鄆,月十弓中
郿,日山弓中
郩,大月弓中
鄬,戈火弓中
鄀,廿口弓中
郾,尸女弓中
鄉,女竹戈戈中
鄇,人弓大中
鄄,一土弓中
郹,月大弓中
郵,竹一弓中
郼,木手弓中
鄅,竹月弓中
鄒,心山弓中
鄎,竹心弓中
鄗,卜月弓中
鄋,竹水弓中
鄑,一日弓中
鄐,卜田弓中
鄔,竹火弓中
鄖,口金弓中
鄁,中月弓中
鄈,弓大弓中
郻,月女弓中
鄏,一戈弓中
鄍,月金弓中
鄜,戈心弓中
鄤,日水弓中
鄟,十戈弓中
鄝,尸竹弓中
鄠,一尸弓中
鄣,卜十弓中
鄞,廿一弓中
鄘,戈月弓中
鄚,廿大弓中
鄙,口田弓中
鄢,一火弓中
鄛,女木弓中
鄡,竹木弓中
鄧,弓廿弓中
鄭,廿大弓中
鄫,金日弓中
鄰,火手弓中
鄯,廿口弓中
鄱,竹田弓中
鄲,口十弓中
鄪,中金弓中
鄮,竹金弓中
鄩,尸戈弓中
鄦,人火弓中
鄵,口木弓中
鄶,人日弓中
鄳,口山弓中
鄴,廿木弓中
鄹,尸人弓中
鄸,廿弓弓中
鄾,一水弓中
鄺,戈金弓中
酀,廿火弓中
鄨,火大口日山
鄻,手十弓中
酃,一口弓中
鄿,廿十弓中
酆,山廿弓中
酅,山月弓中
酁,弓戈弓中
酇,竹金弓中
酈,一心弓中
酄,廿土弓中
酉,一金田一
酊,一田一弓
酋,廿金田一
酐,一田一十
酌,一田心戈
酏,一田心木
酎,一田木戈
配,一田尸山
酒,水一金田
酕,一田竹手山
酗,一田山大
酚,一田金尸竹
酘,一田竹弓水
酖,一田中月山
酓,人戈弓田
酢,一田竹尸
酠,一田一弓口
酣,一田廿一
酤,一田十口
酟,一田卜口
酡,一田十心
酥,一田竹木
酩,一田弓戈口
酮,一田月一口
酬,一田戈中中
酯,一田心日
酪,一田竹水口
酴,一田人一木
酺,一田戈十月
酹,一田月木戈
酸,一田戈金水
酲,一田口竹土
酳,一田女戈月
酷,一田竹土口
酵,一田十大木
醇,一田卜口木
醁,一田女弓水
醅,一田卜廿口
醄,一田心人山
醆,一田戈戈
醃,一田大中山
醉,一田卜人十
醊,一田水水水
醀,一田人土
醂,一田木木
醋,一田廿日
醏,一田十大日
醒,一田日竹一
醐,一田十口月
醓,一田中山廿
醍,一田日一人
醑,一田弓人月
醡,一田十金尸
醢,一田大口廿
醞,一田田人廿
醟,火火月一田
醚,一田卜火木
醛,一田廿人土
醝,一田廿手一
醜,一田竹戈
醙,一田竹難水
醠,一田中大廿
醣,一田戈中口
醫,尸水一金田
醧,一田尸口口
醨,一田卜山月
醬,女戈一金田
醯,一田卜山廿
醪,一田尸一竹
醥,一田一田火
醭,一田廿金人
醮,一田人土火
醱,一田弓人水
醰,一田一田十
醷,一田卜廿心
醲,一田廿田女
醵,一田卜心人
醴,一田廿田廿
醳,一田田中十
醺,一田竹土火
醹,一田一月月
醼,一田廿中火
釂,一田月田戈
醾,一田戈木木
釀,一田卜口女
醽,一田一月口
釁,竹月一金竹
釃,一田一一心
釅,一田口口大
釆,竹火木
采,月木
釉,竹木中田
釋,竹木田中十
里,田土
重,竹十田土
野,田土弓戈弓
量,日一田土
釐,十大一田土
金,金
釓,金山
釔,金弓
釗,金中弓
釕,金弓弓
釙,金卜
釢,金弓竹尸
釘,金一弓
針,金十
釚,金大弓
釜,金大一土金
釣,金心戈
釤,金竹竹竹
釭,金一
釦,金口
釹,金女
釸,金弓戈
釧,金中中中
釷,金土
釱,金大
釩,金竹弓戈
釫,金一一尸
釵,金水戈
釪,金一木
釬,金一十
釳,金人弓
釴,金戈心
釨,金弓木
釮,金木竹
鈄,金卜十
鈐,金人戈弓
鈜,金大戈
鈆,金金戈
鈥,金火
鈃,金一廿
鈇,金手人
鈍,金心山
鈌,金木大
鈁,金卜竹尸
鈣,金一卜尸
鈒,金弓竹水
釿,金竹一中
鈧,金卜竹弓
鈑,金竹水
鈀,金日山
釽,金竹中人
鈙,金卜水
鈤,金日
鈚,金心心
鈉,金人月
鈅,金月
鈞,金心戈一
鈗,金戈竹山
鈊,金心
鈕,金弓土
鈔,金火竹
鈦,金大戈
鈖,金金尸竹
鈂,金中月山
鈏,金弓中
鉀,金田中
鉛,金金口
鉐,金一口
鉡,金火手
鈮,金尸心
鉔,金尸中月
鈾,金中田
鈽,金大中月
鈲,金竹女人
鉣,金土戈
鉓,金人中月
鉅,金尸尸
鉠,金中月大
鉖,金竹水卜
鈱,金口女心
鈷,金十口
鉎,金竹手一
鉊,金尸竹口
鈶,金戈口
鈺,金一土戈
鉤,金心口
鉈,金十心
鉏,金月一
鉚,金竹竹中
鈿,金田
鈰,金卜中月
鉋,金心口山
鉥,金戈十金
鉧,金田卜戈
鉬,金月山
鉑,金竹日
鉯,金女戈人
鉲,金卜一卜
鉰,金尸一口
鉍,金心竹
鈸,金戈大大
鈴,金人戈戈
鉗,金廿一
鉦,金一卜一
鈳,金一弓口
鈹,金木竹水
鉆,金卜口
鉞,金戈女
鉉,金卜女戈
鉌,金竹木
鉒,金卜土
鉭,金日一
銃,金卜戈山
鈭,卜心金
銥,金卜竹女
銣,金女口
銬,金十大尸
銅,金月一口
銀,金日女
銨,金十女
銕,金大弓
鉺,金尸十
銠,金十大心
銖,金竹十木
鋮,金戈竹尸
銍,金一戈土
銙,金大一尸
銫,金弓日山
銎,一弓金
銑,金竹土山
銘,金弓戈口
鉶,金一廿弓
銪,金大月
銦,金田大
銩,金竹土戈
鉸,金卜金大
銛,金竹十口
銈,金土土
銡,金土口
銔,金一火十
銓,金人一土
銌,金大中木
銊,金戈竹一
銇,金手木
銝,金人木
鉹,金弓戈弓
銂,金戈中中
銚,金中一人
鉾,金戈竹手
鉽,金戈心一
銗,金竹一口
銧,金火一山
銢,金戈弓水
銜,竹人金一弓
銆,金一日
鉿,金人一口
鉼,金廿廿
銋,金人竹土
鉻,金竹水口
銤,金火木
鋃,金戈日女
銻,金金弓竹
鋱,金戈心心
鋌,金弓大土
鋎,金十一山
鋝,金月木戈
鋡,金人戈口
鋆,土一金
鋁,金口竹口
銵,金竹難竹
鋰,金田土
鋤,金月一尸
錵,金廿人心
鋩,金廿卜女
鋅,金卜廿十
銹,金竹木竹
鋍,金十月木
鋪,金戈十月
鋇,金月山金
鋟,金尸一水
鋘,金口女大
銼,金人人土
銷,金火月
鋂,金人田卜
鋨,金竹手戈
鋀,金一口廿
鋠,金一一女
鋧,金月山山
鋦,金尸尸口
鋕,金土心
銶,金戈十水
鋄,金一火水
鋒,金竹水十
銳,金金口山
鋊,金金人口
鋯,金竹土口
鋙,金一一口
鋈,水大金
銴,手中金
鋞,金一女一
鋏,金大人人
鋑,金戈金水
鋉,金木中
鋐,金十大戈
鋗,金口月
銲,金日一十
鋓,金竹木弓
錉,金竹心日
鋾,金心人山
錝,金十一火
錈,金火手山
錪,金廿月金
錍,金竹竹十
鋺,金十弓山
錼,金大一火
錥,金卜戈月
錴,金土金土
鎯,金戈戈中
錋,金月月
錎,金弓竹難
錐,金人土
錙,金女女田
錂,金土金水
錹,金卜一月
錏,金一中一
錔,金水日
錟,金火火
鋷,金尸十水
錓,金廿土山
鋻,尸水金
錖,卜水金
鋿,金火月口
錚,金月尸木
錌,金山一十
錫,金日心竹
錀,金人一月
錣,金水水水
鍺,金十大日
錁,金田木
錆,金手一月
錤,金廿一金
鋼,金月廿山
錳,金弓木廿
鋋,金弓大一
鋸,金尸十口
錶,金手一女
錮,金田十口
錡,金大一口
錢,金戈戈
錧,金十口口
錯,金廿日
錄,金女弓水
錸,金木人人
錭,金月土口
錛,金大十廿
錕,金日心心
錞,金卜口木
鋹,金尸一女
錩,金日日
鍆,金日弓
錠,金十一人
錦,金竹日月
錒,金弓中口
鍬,金竹木火
鍰,金月一水
鍥,金手竹大
鍣,金廿尸口
鍏,金木一手
鍕,金月十十
鍷,金大土土
鎡,金廿女戈
鍜,金口卜水
鍇,金心心日
鍤,金竹十難
鍾,金竹十土
鍌,水山金
鍚,金日一竹
鍘,金月金弓
鍠,金竹日土
鍱,金心廿木
鎏,水山金
鍖,金廿一女
鍒,金弓竹木
鍋,金月月口
鍼,金戈竹口
顉,金一月金
鍊,金木田火
鍭,金人弓大
錨,金廿田
錘,金竹十一
鍪,弓大金
鎪,金竹難水
鍑,金人日水
鎂,金廿土大
鍛,金竹十水
鍔,金口口尸
鍍,金戈廿水
鍉,金日一人
鎃,金水竹女
鍶,金田心
鍵,金弓大手
鍻,金日心女
鍙,水金金
鍹,金十一一
鍗,金卜月月
鍧,金心卜口
鍐,金山金水
鍞,金卜月金
鍎,金竹十山
鎀,金人中竹
鍡,金田一女
鎧,金山一廿
鎚,金卜竹口
鎗,金人戈口
鎵,金十一人
鎘,金一口月
鎬,金卜口月
鎔,金十金口
鎰,金廿金廿
鎣,火火月金
鎮,金十月金
鎎,金人弓木
鎥,人木金
鎦,金竹竹田
鎤,金日火山
鎑,金土戈廿
鎉,金日尸一
鎱,金土口女
鎷,金尸手火
鎲,金火月山
鎛,金戈月戈
鎌,金廿難金
鎊,金卜月尸
鎖,金火月金
鎙,金廿山月
鎢,金竹口火
鎨,金人水十
鎍,金十月火
鎞,金竹田心
鎒,金一女戈
鎴,金竹山心
鎈,金廿手一
鎳,金竹山木
鎝,金廿人口
鎟,金水水木
鎕,金戈中口
鏊,土大金
鏌,金廿日大
鏑,金卜金月
鏡,金卜廿山
鏖,戈心金
鏘,金女一戈
鏝,金日田水
鏢,金一田火
鏂,金尸口口
鏏,金手十一
鎩,金大金水
鏒,金戈戈竹
鏇,金卜尸人
鏹,金弓戈戈
鏞,金戈中月
鏚,金戈竹火
鏨,十中金
鏎,金田廿十
鏐,金尸一竹
鏬,金卜心木
鏧,土水金
鏃,金卜尸大
鏀,金卜田戈
鏄,金十戈戈
鏙,金山人土
鏍,金田女火
鏤,金中田女
鏗,金尸水土
鏜,金火月土
鏈,金卜十十
鏦,金竹人人
鏮,金戈中水
鏔,金十一金
鏕,金戈難心
鏣,金戈廿火
鏟,金卜竹一
鏿,金火月木
鏸,金十戈心
鐓,金卜木大
鐌,金弓日人
鐙,金弓人廿
鏷,金廿金人
鏼,金竹木月
鐑,金女火口
鐆,弓人金
鐉,金口山金
鐇,金竹木田
鏻,金火木手
鏵,金廿一十
鐕,金一山日
鐍,金弓竹月
鐎,金人土火
鐨,金中弓金
鐏,金廿田戈
鐊,金弓中竹
鐖,金女戈戈
鐘,金卜廿土
鐋,金水日竹
鐀,金中一金
鐃,金土土山
鐠,金廿金日
鏺,金弓人水
鏽,金中難
鏶,金人土木
鐒,金火火尸
鐔,金一田十
鐐,金大金火
鏾,金廿月大
鐫,金人土尸
鑀,金月月水
鐳,金一月田
鐿,金卜廿心
鐮,金戈廿金
鐲,金田中戈
鐹,金卜月月
鐶,金田中女
鐵,金十戈土
鐸,金田中十
鐷,金廿心木
鐽,金卜土手
鐪,金卜心尸
鐼,金十廿金
鐺,金火月田
鐰,金口口木
鐬,金卜一竹
鐩,金卜廿人
鐻,金卜心人
鐱,金人一人
鑐,金一月月
鑉,金廿土廿
鑊,金廿人水
鑆,金廿土戈
鑅,金火火木
鑇,金卜難
鑌,金十一金
鑋,十一金
鑏,金十心弓
鑈,金一火月
鑒,尸田金
鑑,金尸戈廿
鑄,金土弓戈
鑤,金日廿水
鑗,金竹竹水
鑝,金廿卜十
鑣,金戈心火
鑠,金女戈木
鑞,金女女女
鑕,金竹中金
鑢,金卜心心
鑨,金卜月心
鑪,金卜心廿
鑩,金一土口
鑫,金金金
鑮,金廿水戈
鑳,金十廿人
鑰,金人一月
鑯,金人戈一
鑭,金日弓田
鑲,金卜口女
鑱,金弓口戈
鑵,金廿口土
钂,金火月火
钁,金月山水
鑴,金山人月
鑷,金尸十十
鑶,金廿戈尸
鑸,金田田土
鑼,金田中土
鑽,金竹山金
鑾,女火金
钀,金卜月大
钃,金尸卜戈
鑿,廿水金
長,尸一女
镺,尸戈竹大
镻,尸戈竹手人
镼,尸戈尸山山
镽,尸戈大金火
門,日弓
閂,日弓一
閃,日弓人
閈,日弓一十
閆,日弓一一一
閉,日弓木竹
閐,日弓竹手山
閏,日弓一土
閎,日弓大戈
閑,日弓木
開,日弓一廿
閔,日弓卜大
閒,日弓月
間,日弓日
閌,日弓卜竹弓
閍,日弓卜竹尸
閞,日弓戈廿
閜,日弓一弓口
閛,日弓一火十
閟,日弓心竹
閘,日弓田中
閩,日弓中一戈
閡,日弓卜女人
閣,日弓竹水口
閨,日弓土土
閥,日弓人戈
閤,日弓人一口
閬,日弓戈日女
閱,日弓金口山
閭,日弓口竹口
閮,日弓弓大土
閰,日弓竹難
閫,日弓田木
閵,日弓人土
閾,日弓戈口一
閺,日弓日卜大
闀,日弓廿金山
閿,日弓月月水
閹,日弓大中山
閻,日弓弓竹難
閽,日弓竹心日
闍,日弓十大日
閶,日弓日日
閼,日弓卜尸卜
闊,日弓水竹口
闈,日弓木一手
闆,日弓口口口
闇,日弓卜廿日
闃,日弓月山大
閷,大金日弓人
闉,日弓一田土
闌,日弓木田火
闋,日弓弓人大
闅,日弓月山水
闒,日弓日尸一
闑,日弓竹山木
闖,日弓尸手火
闕,日弓廿山人
闐,日弓十月金
闓,日弓山一廿
闔,日弓土戈廿
闛,日弓火月土
關,日弓女戈廿
闚,日弓手人山
闞,日弓一十大
闠,日弓中一金
闡,日弓口口十
闣,日弓火月田
闤,日弓田中女
闥,日弓卜土手
闢,日弓尸口十
闟,日弓人一一
阞,弓中大尸
阡,弓中竹十
阣,弓中人弓
阢,弓中一山
阤,弓中心木
阪,弓中竹水
阠,弓中弓十
阬,弓中卜竹弓
阱,弓中廿廿
阰,弓中心心
阯,弓中卜中一
阮,弓中一一山
阨,弓中一尸山
防,弓中卜竹尸
阼,弓中竹尸
陀,弓中十心
阻,弓中月一
阹,弓中土戈
附,弓中人木戈
陂,弓中木竹水
阺,弓中竹心一
阿,弓中一弓口
阽,弓中卜口
阭,弓中戈竹山
陓,弓中大一尸
阜,竹口十
陋,弓中一月女
限,弓中日女
陑,弓中一月中
陊,弓中弓戈弓
陃,弓中一人月
陌,弓中一日
陏,弓中大月
陔,弓中卜女人
陝,弓中大人人
陡,弓中土卜人
院,弓中十一山
除,弓中人一木
陞,弓中竹廿土
陣,弓中十田十
陘,弓中一女一
降,弓中竹水手
陜,弓中大人人
陟,弓中卜中竹
陛,弓中心心土
陎,弓中竹十木
陪,弓中卜廿口
陴,弓中竹竹十
陵,弓中土金水
陸,弓中土金土
陷,弓中弓竹難
陳,弓中木田
陰,弓中人戈戈
陭,弓中大一口
陬,弓中尸十水
陶,弓中心人山
陼,弓中十大日
陫,弓中中一卜
陲,弓中竹十一
隍,弓中竹日土
隄,弓中日一人
陱,弓中心火木
陯,弓中人一月
隉,弓中竹難土
階,弓中心心日
陾,弓中一月大
隊,弓中廿心人
隋,弓中大一月
陽,弓中日一竹
隅,弓中田中月
隃,弓中人一弓
隈,弓中田一女
隆,弓中竹水一
隇,弓中戈竹女
隑,弓中山一廿
隕,弓中口月金
隒,弓中廿難金
隗,弓中竹戈
隀,弓中竹十土
隘,弓中廿金廿
隔,弓中一口月
際,弓中月人火
隓,弓中大一一
隞,弓中土尸大
隙,弓中火竹火
障,弓中卜廿十
隡,弓中卜竹一
隤,弓中中一金
隢,弓中土土山
隧,弓中卜廿人
隩,弓中竹月大
隨,弓中卜大月
險,弓中人一人
隰,弓中日女火
隮,弓中卜難
隱,弓中月一心
隬,弓中一火月
隳,弓月人心
隴,弓中卜月心
隸,木火中水
隹,人土
隻,人土水
隼,人土十
隿,戈心人土
雀,火人土
雅,一竹人土
雄,大戈人土
雇,竹尸人土
雈,廿人土
雂,人弓人土
集,人土木
雁,一人人土
雉,人大人土
雋,人土中一尸
雎,月一人土
雍,卜女竹土
雊,心口人土
雒,竹口人土
雌,卜一心人土
雃,廿一人土
雓,人木人土
雕,月口人土
雔,人土人土
雖,口戈人土
雗,十十人人土
雟,山人土月
離,卜月人土
雜,卜木人土
雘,月卜廿人水
雙,人土水
雛,心山人土
雚,廿口口土
雝,女山人土
雞,月大人土
雡,尸竹人土
難,廿人人土
雥,人土人土土
雨,一中月卜
雩,一月一一尸
雪,一月尸一
雯,一月卜大
雲,一月一一戈
雰,一月金尸竹
雱,一月卜竹尸
雸,一月廿一
電,一月田山
雷,一月田
雽,一月竹火木
零,一月人戈戈
雺,一月弓戈竹
雹,一月心口山
雵,一月中月大
需,一月一月中
雿,一月中一人
霂,一月水木
霅,一月卜一口
霉,一月人田卜
震,一月一一女
霄,一月火月
霈,一月水十月
霆,一月弓大土
霎,一月卜廿女
霑,一月水卜口
霒,一戈人戈弓
霓,一月竹難山
霏,一月中一卜
霐,一月水弓戈
霋,一月十中女
霍,一月人土
霖,一月木木
霝,一月口口口
霘,一月水月口
霜,一月木月山
霞,一月口卜水
霟,一月水廿金
霙,一月廿中大
霠,一月卜廿弓
霥,一月月一人
霤,一月竹竹田
霢,一月月竹女
霣,一月口月金
霬,一月田廿金
霫,一月尸一日
霨,一月尸火戈
霦,一月木木竹
霩,一月卜木中
霪,一月水月土
霧,一月弓竹尸
霯,一月弓人廿
霰,一月廿月大
霮,一月水廿女
霸,一月廿十月
霵,一月口十戈
霺,一月竹人大
露,一月口一口
霹,一月尸口十
霾,一月月竹土
霽,一月卜難
霿,一月弓竹山
靇,一月卜月心
靄,一月卜口女
靂,一月一木一
靆,一戈卜中水
靈,一月口口一
靃,一月人土土
靉,一戈月月水
靋,一月水一一
青,手一月
靖,卜廿手一月
靘,手月弓日山
靚,手月月山山
靛,手月十一人
靜,手月月尸木
非,中一卜卜卜
靠,竹土口中卜
靡,戈木中一卜
面,一田卜中
靦,一田月山山
靨,一大一田中
革,廿中十
靪,廿十一弓
靮,廿十心戈
靬,廿十一十
靰,廿十一山
靳,廿十竹一中
靴,廿十人心
靷,廿十弓中
靲,廿十人戈弓
靶,廿十日山
靸,廿十弓竹水
靺,廿十木十
靻,廿十月一
鞃,廿十弓戈
鞀,廿十尸竹口
靾,廿十心廿
鞄,廿十心口山
鞅,廿十中月大
鞂,廿十竹木
靼,廿十日一
靽,廿十火手
鞁,廿十木竹水
靿,廿十女戈尸
鞋,廿十土土
鞏,一弓廿中十
鞊,廿十土口
鞈,廿十人一口
鞍,廿十十女
鞎,廿十日女
鞗,人中人十
鞘,廿十火月
鞙,廿十口月
鞔,廿十弓日山
鞚,廿十十金一
鞡,廿十手卜廿
鞠,廿十心火木
鞝,廿十火月口
鞞,廿十竹竹十
鞜,廿十水日
鞭,廿十人一大
鞥,廿十人一廿
鞦,廿十竹木火
鞤,土戈廿中十
鞪,弓大廿中十
鞮,廿十日一人
鞬,廿十弓大手
鞫,廿十心卜口
鞣,廿十弓竹木
鞨,廿十日心女
鞢,廿十心廿木
鞷,一口月十
鞳,廿十廿人口
鞶,竹水廿中十
鞹,廿十卜木中
鞻,廿十中田女
鞿,廿十女戈戈
韃,廿十卜土手
韁,廿十一田一
韅,廿十日女火
韄,廿十廿人水
韆,廿十卜一山
韇,廿十土田金
韉,廿十廿戈火
韋,木一口手
韌,木手尸竹戈
韍,木手戈大大
韎,木手木十
韐,木手人一口
韏,火手木一手
韔,木手尸一女
韓,十十木一手
韕,木手卜口木
韖,木手弓竹木
韘,木手心廿木
韗,木手月十十
韙,日人木一手
韞,木手田人廿
韜,木手月竹難
韝,木手廿廿月
韟,木手竹日十
韡,木手廿一十
韣,木手田中戈
韥,木手土田金
韭,中一一一
韰,卜水中一一
韱,人戈中一一
音,卜廿日
韶,卜日尸竹口
韸,卜日竹水十
韺,卜日廿中大
韻,卜日口月金
韹,卜日竹日土
韾,土水卜廿日
韽,人田卜廿日
響,女中卜廿日
頀,卜日廿人水
頁,一月山金
頄,大弓一月金
頂,一弓一月金
頃,心一月金
頇,一十一月金
須,竹竹一月金
順,中中中金
項,一一月金
頏,卜弓一月金
頑,一山一月金
頊,一土一月金
預,弓弓一月金
頌,金戈一月金
頎,竹中一月金
頍,十水一月金
頓,心山一月金
頒,金竹一月金
頗,木水一月金
領,人戈一月金
頖,火手一月金
頦,卜人一月金
頝,卜大一月金
頨,尸一一月金
頧,竹口一月金
頫,中一山人金
頠,弓山一月金
頜,人口一月金
頡,土口一月金
頩,廿廿一月金
頛,手木一月金
頞,十女一月金
頻,卜竹一月金
頵,尸口一月金
頲,弓土一月金
頹,竹山一月金
頭,一廿一月金
頤,尸中一月金
頯,月廿一月金
頰,大人一月金
頸,一一一月金
頷,人口一月金
顊,竹十一月金
顄,弓山一月金
顃,火火一月金
顅,竹月一月金
顁,十人一月金
顆,田木一月金
顐,月十一月金
額,十口一月金
題,日人一月金
顓,山月一月金
顎,口尸一月金
顑,戈口一月金
顒,田月一月金
顏,卜竹一月金
類,火大一月金
願,一火一月金
顜,廿月一月金
顝,月月一月金
顙,水木一月金
顗,山廿一月金
顛,十金一月金
顢,廿月一月金
顟,尸竹一月金
顣,戈火一月金
顠,一火一月金
顧,竹土一月金
顤,土山一月金
顥,日火一月金
顪,卜竹一月金
顫,卜一一月金
顩,人人一月金
顯,日火一月金
顰,卜金竹竹十
顱,卜廿一月金
顲,火田一月金
顳,尸十一月金
顴,廿土一月金
風,竹弓竹中戈
颩,竹弓竹竹竹
颬,竹弓一女竹
颱,竹弓戈口
颮,竹弓心口山
颯,卜廿竹弓戈
颭,竹弓卜口
颳,竹弓竹十口
颲,竹弓一弓弓
檒,木木竹弓戈
颶,竹弓月一金
颺,竹弓日一竹
颸,竹弓田心
颼,竹弓竹難水
颽,山廿竹弓戈
颿,尸火竹弓戈
颻,月山竹弓戈
颾,竹弓水戈戈
飄,一火竹弓戈
飂,竹弓尸一竹
飁,尸日竹弓戈
飉,竹弓大金火
飀,竹弓竹竹田
飆,戈大竹弓戈
飋,竹弓一土竹
飌,廿土竹弓戈
飛,弓人竹廿人
食,人戈日女
飣,人戈一弓
飢,人戈竹弓
飥,人戈竹心
飩,人戈心山
飯,人戈竹水
飧,弓戈人戈女
飫,人戈竹大
飭,人戈人大尸
飪,人戈竹土
飲,人戈弓人
飾,人戈人中月
飶,人戈心竹
飽,人戈心口山
飴,人戈戈口
飼,人戈尸一口
餃,人戈卜金大
餂,人戈竹十口
餌,人戈尸十
飹,人戈竹竹中
餅,人戈廿廿
餉,人戈竹月口
養,廿人戈日女
餘,人戈人一木
餓,人戈竹手戈
餒,人戈月女
餔,人戈戈十月
飺,卜心人戈女
餑,人戈十月木
餀,人戈廿大
餇,人戈月一口
餈,戈人人戈女
餗,人戈木中
餖,人戈一口廿
餕,人戈戈金水
餟,人戈水水水
餧,人戈竹木女
餐,卜水人戈女
餛,人戈日心心
館,人戈十口口
餩,人戈金卜人
餤,人戈火火
餚,人戈大大月
餞,人戈戈戈
餡,人戈弓竹難
餵,人戈田一女
餪,人戈一月大
餿,人戈竹難水
餫,人戈月十十
餥,中卜人戈女
餬,人戈十口月
餭,人戈竹日土
餳,人戈日一竹
餱,人戈人弓大
餲,人戈日心女
餺,人戈戈月戈
餰,人戈竹人弓
餯,人戈女弓人
餽,人戈竹戈
餼,人戈人弓木
餮,一竹人戈女
饁,人戈土戈廿
餾,人戈竹竹田
饉,人戈廿中一
饈,人戈廿手土
饇,人戈尸口口
饅,人戈日田水
饃,人戈廿日大
饙,人戈十廿金
饎,人戈土口口
饒,人戈土土山
饑,人戈女戈戈
饌,人戈口山金
饋,人戈中一金
饐,人戈土月廿
饓,人戈火月木
饘,人戈卜田一
饗,女中人戈女
饕,口山人戈女
饛,人戈廿月人
饖,人戈卜一竹
饔,卜女土女
饜,一大人戈女
饟,人戈卜口女
饞,人戈弓口戈
饡,人戈竹山金
首,廿竹月山
馗,大弓廿竹山
馘,廿山戈口一
香,竹木日
馝,竹日心竹
馜,竹日尸心
馞,竹日十月木
馡,竹日中一卜
馣,竹日大中山
馥,竹日人日水
馧,竹日田人廿
馦,竹木廿難金
馨,土水竹木日
馫,竹日竹日日
馬,尸手尸火
馮,戈一尸手火
馭,尸火水
馵,尸火廿
馲,尸火竹心
馳,尸火心木
馴,尸火中中中
馱,尸火大
馰,尸火心戈
馯,尸火一十
駃,尸火木大
馺,尸火弓竹水
馹,尸火日
馽,尸火中
駇,尸火人大
駁,尸火大大
駂,心十尸手火
馻,尸火戈竹山
駐,尸火卜土
駌,弓山尸手火
駒,尸火心口
駍,尸火一火十
駑,女水尸手火
駓,尸火一火一
駕,大口尸手火
駛,尸火中大
駟,尸火田金
駝,尸火十心
駘,尸火戈口
駎,尸火中田
駗,尸火人竹竹
駖,尸火人戈戈
駋,尸火尸竹口
駜,尸火心竹
駙,尸火人木戈
駉,尸火月口
駔,尸火月一
駏,尸火尸尸
駧,尸火月一口
駭,尸火卜女人
駢,尸火廿廿
駤,尸火一戈土
駰,尸火田大
駱,尸火竹水口
駩,尸火人一土
駥,尸火戈竹
駣,尸火中一人
駬,尸火尸十
駮,尸火卜金大
駪,尸火竹土山
駴,尸火戈廿
駹,尸火戈山竹
駷,尸火木中
駾,尸火金口山
駼,尸火人一木
騂,尸火卜廿十
騃,尸火戈人大
駶,尸火尸尸口
駽,尸火口月
駻,尸火日一十
駸,尸火尸一水
騁,尸火中田尸
駺,尸火戈日女
駿,尸火戈金水
騄,尸火女弓水
騊,尸火心人山
騏,尸火廿一金
騇,尸火人一口
騎,尸火大一口
騍,尸火田木
騋,尸火木人人
騆,尸火月土口
騅,尸火人土
騉,尸火日心心
騑,尸火中一卜
騞,尸火手十口
騝,尸火弓大手
騣,尸火山金水
騔,尸火日心女
騥,尸火弓戈木
騚,尸火廿月弓
騛,尸火弓人人
騜,尸火竹日土
騧,尸火月月口
騠,尸火日一人
騙,尸火竹尸月
騖,弓大尸手火
騢,尸火口卜水
騤,尸火弓人大
騕,尸火一田女
騫,十廿金火
騭,弓竹尸手火
騶,尸火心山山
騴,尸火日十女
騪,尸火竹難水
騬,尸火竹木心
騲,尸火廿日十
騮,尸火竹竹田
騵,尸火一竹火
騱,尸火月女大
騸,尸火竹尸一
騷,尸火水戈戈
騰,月火手火
騩,尸火竹戈
驄,尸火竹田心
騺,土戈尸手火
驂,尸火戈戈竹
騾,尸火田女火
驅,尸火尸口口
驀,廿日大火
騹,尸火廿中一
騿,尸火卜廿十
驃,尸火一田火
驆,尸火田廿十
驁,土大尸手火
驓,尸火金田日
驉,尸火卜心一
驒,尸火口口十
驏,尸火尸弓木
驕,尸火竹大月
驔,尸火一田十
騽,尸火尸竹日
驍,尸火土土山
驐,尸火卜木大
驌,尸火中難
驊,尸火廿一十
驎,尸火火木手
驈,尸火弓竹月
驖,尸火十戈土
驛,尸火田中十
驚,廿大尸手火
驗,尸火人一人
驙,尸火卜田一
驟,尸火尸水人
驞,尸火十一金
驥,尸火中心金
驠,尸火廿中火
驢,尸火卜心廿
驤,尸火卜口女
驨,尸火山人月
驧,尸火廿十木
驦,尸火一月山
驩,尸火廿口土
驪,尸火一一心
驫,尸火尸火火
骨,月月月
骭,月月一十
骫,月月大弓戈
骰,月月竹弓水
骱,月月人中中
骯,月月卜竹弓
骳,月月木竹水
骷,月月十口
骿,月月廿廿
骹,月月卜金大
骼,月月竹水口
骸,月月卜女人
骻,月月大一尸
骴,月月卜一心
骾,月月一中大
髁,月月田木
髀,月月竹竹十
髂,月月十竹口
髊,月月廿手一
髇,月月卜口月
髆,月月戈月戈
髏,月月中田女
髍,月月戈十金
髐,月月土土山
髒,月月廿一廿
髓,月月卜大月
體,月月廿田廿
髑,月月田中戈
髕,月月十一金
髖,月月十廿戈
高,卜口月口
髜,卜月日竹廿
髟,尸戈竹竹竹
髡,尸竹一山
髧,尸竹中月山
髦,尸竹竹手山
髣,尸竹卜竹尸
髬,尸竹一火一
髳,尸竹弓戈竹
髫,尸竹尸竹口
髮,尸竹戈大大
髯,尸竹土月
髲,尸竹木竹水
髱,尸竹心口山
髶,尸竹尸十
髺,尸竹竹十口
髷,尸竹廿田
髹,尸竹人木
髭,尸竹卜一心
髻,尸竹土口
髼,尸竹竹水十
髾,尸竹火月
鬁,尸竹竹木弓
髽,尸竹人人土
鬅,尸竹月月
鬄,尸竹日心竹
鬈,尸竹火手山
鬆,尸竹木金戈
鬃,尸竹十一火
鬍,尸竹十口月
鬊,尸竹手大日
鬌,尸竹大一月
鬋,尸竹廿月弓
鬎,尸竹木月弓
鬐,尸竹十心日
鬗,尸竹廿中月
鬑,尸竹廿難金
鬒,尸竹十月金
鬖,尸竹戈戈竹
鬘,尸竹日田水
鬕,尸竹廿日大
鬚,尸竹竹竹金
鬙,尸竹金田日
鬟,尸竹田中女
鬠,尸竹人一日
鬞,尸竹廿田女
鬢,尸竹十一金
鬣,尸竹女女女
鬤,尸竹卜口女
鬥,中弓
鬧,中弓卜中月
鬨,中弓廿金
鬩,中弓竹難山
鬫,中弓一十大
鬮,中弓弓難山
鬯,山戈心
鬱,木木月山竹
鬲,一口月中
鬳,卜心一口月
鬵,一山一口月
鬷,一月山金水
鬺,一月人日竹
鬻,弓弓一口月
鬼,竹戈
魂,一戈竹戈
魁,竹戈卜十
鬾,竹戈十水
鬿,竹戈竹一中
魃,竹戈戈大大
魄,竹日竹戈
魅,竹戈十木
魆,竹戈戈女
魈,竹戈火月
魊,竹戈戈口一
魎,竹戈一中月
魌,竹戈廿一金
魍,竹戈月廿女
魏,竹女竹戈
魋,竹戈人土
魑,竹戈卜山月
魒,竹人一田火
魔,戈木竹戈
魖,竹戈卜心一
魕,竹戈女戈戈
魘,一大竹戈
魙,水中竹戈
魚,弓田火
魛,弓火尸竹
魡,弓火心戈
魟,弓火一
魠,弓火竹心
魴,弓火卜竹尸
魷,弓火戈大山
魦,弓火火竹
魯,弓田火日
魧,弓火卜竹弓
魨,弓火心山
魱,弓火一女一
魶,弓火人月
魰,弓火卜大
魤,弓火人心
魵,弓火金尸竹
魬,弓火竹水
鮈,弓火心口
鮂,弓火田人
魾,弓火一火一
鮕,弓火十口
鮒,弓火人木戈
鮓,弓火竹尸
鮅,弓火心竹
鮑,弓火心口山
魽,弓火廿一
魻,弓火田中
鮀,弓火十心
鮐,弓火戈口
鮇,弓火十木
魼,弓火土戈
魺,弓火一弓口
鮞,弓火一月中
鮢,弓火竹十木
鮨,弓火心日
鮯,弓火人一口
鮤,一弓弓田火
鮥,弓火竹水口
鮦,弓火月一口
鮛,弓火卜一火
鮪,弓火大月
鮫,弓火卜金大
鮡,弓火中一人
鮠,弓火弓一山
鮮,弓火廿手
鮚,弓火土口
鮆,卜心弓田火
鮭,弓火土土
鯽,弓火日戈中
鯆,弓火戈十月
鯊,水竹弓田火
鯇,弓火十一山
鯃,弓火一一口
鮹,弓火火月
鮸,弓火弓日山
鮿,弓火尸十山
鯀,弓火竹女火
鯄,弓火戈十水
鮽,弓火人一木
鯈,人中人火
鮵,弓火金口山
鮶,弓火尸大口
鯁,弓火一中大
鯉,弓火田土
鯓,弓火竹難竹
鯰,弓火人戈心
鯡,弓火中一卜
鯙,弓火卜口木
鯚,弓火竹木木
鯧,弓火日日
鯛,弓火月土口
鯗,廿人弓田火
鯫,弓火尸十水
鯞,弓火尸一月
鯢,弓火竹難山
鯬,竹竹弓田火
鯨,弓火卜口火
鯖,弓火手一月
鯦,弓火竹人口
鯥,弓火土金土
鯪,弓火土金水
鯠,弓火木人人
鯔,弓火女女田
鯜,弓火卜廿女
鯕,弓火廿一金
鯤,弓火日心心
鰎,弓火弓大手
鰉,弓火竹日土
鰗,弓火十口月
鰇,弓火弓竹木
鰔,弓火戈竹口
鰆,弓火手大日
鯷,弓火日一人
鰍,弓火竹木火
鯸,弓火人弓大
鱀,日山弓田火
鰒,弓火人日水
鰋,弓火尸日女
鰓,弓火田心
鰈,弓火心廿木
鰅,弓火田中月
鰥,弓火田中水
鰫,弓火十金口
鰩,弓火月人山
鰝,弓火卜口月
鰬,弓火卜心大
鰡,弓火竹竹田
鰭,弓火十心日
鰜,弓火廿難金
鰨,弓火日尸一
鰤,弓火竹口月
鰣,弓火日土戈
鰾,弓火一田火
鰳,弓火廿十尸
鱁,弓火卜一人
鰼,弓火尸一日
鰻,弓火日田水
鰷,弓火人中木
鱈,弓火一月一
鰴,竹人山火大
鱄,弓火十戈戈
鱆,弓火卜廿十
鰲,土大弓田火
鰶,弓火月人火
鰹,弓火尸水土
鰽,弓火廿田日
鰿,弓火手一金
鰱,弓火卜十十
鱉,火大弓田火
鱙,弓火土土山
鱌,弓火弓日人
鱖,弓火一廿人
鱕,弓火竹木田
鱎,弓火竹大月
鱋,弓火卜心廿
鱗,弓火火木手
鱐,弓火中難
鱘,弓火尸一戈
鱊,弓火弓竹月
鱍,弓火弓人水
鱔,弓火廿土口
鱒,弓火廿田戈
鱣,弓火卜田一
鱟,竹月弓田火
鱠,弓火人一日
鱞,弓火田中女
鱧,弓火廿田廿
鱦,弓火口難山
鱢,弓火口口木
鱭,弓火卜難
鱮,弓火竹難金
鱨,弓火火月日
鱴,弓火廿田戈
鱱,弓火一廿月
鱵,弓火竹戈口
鱳,弓火女戈木
鱹,弓火廿口土
鱷,弓火一土口
鱸,弓火卜心廿
鱺,弓火一一心
鳥,竹日卜火
鳦,竹火弓
鳭,尸竹竹日火
鳪,卜竹日火
鳩,大弓竹日火
鳧,竹火竹弓
鳳,竹弓一日火
鳲,尸竹日火
鳶,戈心竹日火
鳱,一十竹日火
鳴,口竹日火
鳵,弓十竹日火
鳺,手人竹日火
鳻,金竹竹日火
鳽,一廿竹日火
鴄,尸金竹日火
鳹,人弓竹日火
鴅,月卜竹日火
鴉,一竹竹日火
鳷,十水竹日火
鳼,卜大竹日火
鴃,竹火木大
鴈,一人竹火
鴇,心十竹日火
鳿,一土竹日火
鴀,一火竹日火
鴆,中山竹日火
鴕,竹火十心
鴗,卜廿竹日火
鴝,心口竹日火
鴛,弓山竹日火
鴣,十口竹日火
鴒,人戈竹日火
鴞,口尸竹日火
鴙,人大竹日火
鴥,竹火十金
鴦,中大竹日火
鴩,竹人竹日火
鴠,日一竹日火
鴐,大口竹日火
鴟,竹一竹日火
鴨,田中竹日火
鴢,女戈大尸火
鴘,戈廿竹日火
鴔,竹人竹日火
鴻,水一竹火
鴸,竹木竹日火
鵀,人土竹日火
鵂,人木竹火
鴭,竹口竹日火
鴯,一月竹日火
鴱,廿大竹日火
鵃,竹卜竹日火
鵅,竹口竹日火
鴾,戈手竹日火
鴽,女口竹日火
鴮,大尸竹日火
鴷,一弓竹日火
鵁,卜大竹日火
鴿,人口竹日火
鴶,土口竹日火
鴰,竹口竹日火
鴳,十女竹日火
鵒,金口竹日火
鵟,大土竹日火
鵏,戈月竹日火
鵜,金竹竹日火
鵙,月金竹日火
鵝,竹戈竹日火
鵌,竹火人一木
鵚,竹山竹日火
鵑,口月竹日火
鵗,大月竹日火
鵠,竹口竹日火
鵔,竹火戈金水
鵋,尸心竹日火
鵛,一一竹日火
鵘,尸口竹日火
鵖,竹心竹日火
鵓,十木竹日火
鵊,大人竹日火
鵵,弓戈竹日火
鶀,竹火廿一金
鵱,土土竹日火
鵨,人口竹日火
鶆,木人竹日火
鵡,一一竹日火
鵴,心木竹日火
鵿,竹火日竹廿
鶅,女田竹日火
鵽,水水水水火
鵻,竹火人土
鵫,卜十竹日火
鶄,手月竹日火
鶉,卜木竹日火
鵬,月月竹火
鵸,大口竹日火
鵧,廿廿竹日火
鶈,十女竹日火
鵹,竹竹竹日火
鵰,月口竹日火
鶂,竹山竹日火
鶋,尸口竹日火
鵯,竹十竹日火
鵳,竹月竹日火
鵲,廿日竹日火
鵩,月尸水火
鵪,大山竹日火
鶌,尸山竹日火
鵷,十山竹日火
鶁,卜火竹日火
鶊,戈人竹日火
鶇,木田竹日火
鶝,一田竹日火
鶘,十口月竹火
鶨,女人竹日火
鶛,心日竹日火
鶗,日人竹日火
鶞,竹山竹日火
鶢,月水竹日火
鶡,日女竹日火
鶔,弓木竹日火
鶣,竹月竹日火
鶠,尸女竹日火
鶐,卜金竹日火
鶦,十月竹日火
鶩,弓大竹日火
鶤,月十竹日火
鶪,月大竹日火
鶧,廿大竹日火
鶖,竹火竹日火
鶿,廿女戈火
鶚,口尸竹日火
鶜,廿竹竹日火
鶒,木中大尸火
鶟,十大竹日火
鶙,卜月竹日火
鶺,火月竹日火
鷎,竹一竹日火
鶸,弓一弓一火
鶼,廿金竹日火
鶭,女尸竹日火
鷌,竹火尸手火
鶷,十口竹日火
鶶,戈口竹日火
鶻,月月竹日火
鶱,十廿金火
鷍,竹木竹日火
鷏,十金竹日火
鶴,人土竹日火
鶾,十十人竹火
鶬,人口竹日火
鷇,土火竹弓水
鶲,金一竹日火
鶵,心山竹日火
鷈,竹火竹卜山
鷂,月山竹日火
鶯,火火月竹火
鶹,竹田竹日火
鷃,日女竹日火
鷅,一木竹日火
鷁,廿廿竹日火
鷊,一月竹日火
鶳,竹火竹口月
鷗,尸口竹日火
鷚,尸竹竹日火
鷜,中女竹日火
鷕,口土竹日火
鷝,田十竹日火
鷘,木大竹日火
鷩,火大竹日火
鷓,戈火竹日火
鷙,土戈竹日火
鷖,尸水竹日火
鷟,卜大竹日火
鷒,十戈竹日火
鷋,廿木竹日火
鷞,大大竹日火
鷐,日女竹日火
鷛,戈月竹日火
鷷,廿戈竹日火
鷭,竹田竹日火
鷡,人火竹日火
鷸,弓月竹日火
鷑,竹廿竹日火
鷮,竹月竹日火
鷦,人火竹日火
鷥,女火竹日火
鷫,中難竹日火
鷲,卜山竹日火
鷤,口十竹日火
鷳,日月竹日火
鷻,竹火卜木大
鷨,廿十竹日火
鷬,廿金竹日火
鷣,一十竹日火
鷢,一人竹日火
鷶,田金竹日火
鷰,廿中心火
鷴,日木竹日火
鷵,尸日竹日火
鷯,大火竹日火
鸆,卜大竹日火
鸉,木竹竹日火
鷿,尸十竹日火
鸀,田戈竹日火
鷺,口口竹日火
鸁,卜口月竹弓
鷹,戈土竹日火
鸇,卜一竹日火
鸅,田十竹日火
鷽,竹月竹日火
鸄,竹大竹日火
鸂,水月大火
鷾,卜心竹日火
鸃,竹火廿土戈
鸑,大大竹日火
鸏,廿人竹日火
鸍,一月竹日火
鸋,十弓竹日火
鸒,竹金竹日火
鸐,尸土竹日火
鸓,田田竹日火
鸔,竹火日廿水
鸗,卜心竹日火
鸕,卜廿竹日火
鸙,人月竹日火
鸚,月女竹日火
鸛,廿土竹日火
鸞,女火竹日火
鸝,一心竹日火
鹵,卜田戈戈
鹹,卜田戈竹口
鹺,卜田廿手一
鹼,卜田人一人
鹽,尸田月廿
鹿,戈難心
麀,戈心心
麂,戈心竹弓
麃,戈心火
麈,戈心卜土
麇,戈心竹木
麆,戈心月一
麊,火木戈難心
麉,一十戈難心
麋,戈心火木
麎,戈心一一女
麍,戈心卜戈山
麌,戈心口女大
麔,戈心竹人口
麓,木木戈難心
麑,戈心竹難山
麒,戈心廿一金
麗,一一月月心
麛,戈心弓尸十
麙,戈心戈竹口
麚,戈心口卜水
麜,戈心一田木
麝,戈心竹竹戈
麟,戈心火木手
麠,戈心一田一
麡,戈心卜難
麤,戈心戈心心
麥,十人弓戈
麧,十弓人弓
麩,十弓手人
麮,十弓土戈
麭,十弓心口山
麰,十弓戈竹手
麴,十弓心火木
麵,十弓一田中
麶,十弓卜山月
麷,十弓山十廿
麻,戈十金金
麼,戈木女戈
麾,戈木竹手山
黀,戈木尸十水
黂,戈木十廿金
黃,廿一田金
黈,廿金卜土
黌,竹月廿一金
黍,竹木人水
黎,竹竹人水
黏,竹水卜口
黐,竹水卜山月
黑,田土火
黓,田火戈心
默,田火戈大
黔,田火人戈弓
黖,田火一女山
黕,田火中月山
黛,人心田土火
黚,田火廿一
黜,田火山山
黝,田火女戈尸
點,田火卜口
黠,田火土口
黟,田火弓戈弓
黧,竹竹田土火
黦,田火十弓山
黤,田火大中山
黥,田火卜口火
黨,火月口田火
黮,田火廿一女
黯,田火卜廿日
黫,田火一田土
黭,田火人一廿
黰,田火十月金
黳,尸水田土火
黲,田火戈戈竹
黴,竹人山火大
黵,田火弓金口
黶,一大田土火
黷,田火土田金
黹,廿金火月
黺,廿月金尸竹
黻,廿月戈大大
黼,廿月戈十月
黽,口難山
黿,一一山山
鼁,土戈口難山
鼀,土山口難山
鼆,月金口難山
鼇,土大口難山
鼉,口口田一山
鼊,尸十口難山
鼎,月山女一中
鼏,月月山中
鼐,弓尸月山中
鼒,木竹月山中
鼓,土廿十水
鼕,土水竹水卜
鼖,十廿土水
鼚,土水尸一女
鼛,土水竹人口
鼘,土水中難中
鼙,土水竹竹十
鼜,土水水戈戈
鼞,土水火月土
鼠,竹難女卜女
鼣,竹女戈大
鼢,竹女金尸竹
鼤,竹女卜大
鼥,竹女戈大大
鼨,竹女竹水卜
鼫,竹女一口
鼪,竹女竹手一
鼩,竹女心口
鼬,竹女中田
鼭,竹女土木戈
鼰,竹女月山金
鼮,竹女弓大土
鼯,竹女一一口
鼱,竹女手一月
鼵,竹女十金大
鼲,竹女月十十
鼳,竹女月山大
鼴,竹女尸日女
鼶,竹女竹卜山
鼷,竹女月女大
鼸,竹女廿難金
鼻,竹山田一中
鼽,竹中大弓
鼾,竹中一十
齁,竹中心口
齀,竹中一女弓
齂,竹中中水
齃,竹中日心女
齆,竹中女女山
齇,竹中卜心一
齈,竹中廿田女
齉,竹中十月女
齊,卜難
齋,卜難火
齌,卜難火
齍,卜難月廿
齎,卜難月山金
齏,卜難中一一
齒,卜一山人人
齔,卜山心
齕,卜山人弓
齗,卜山竹一中
齖,卜山一女竹
齘,卜山人中中
齠,卜山尸竹口
齡,卜山人戈戈
齞,卜山口金
齟,卜山月一
齛,卜山心廿
齝,卜山戈口
齣,卜山心口
齙,卜山心口山
齦,卜山日女
齜,卜山卜一心
齥,卜山中田心
齧,手竹卜一山
齤,火手卜一山
齫,卜山田木
齬,卜山一一口
齪,卜山口卜人
齱,卜山尸十水
齮,卜山大一口
齰,卜山廿日
齯,卜山竹難山
齴,卜山卜竹竹
齷,卜山尸一土
齲,卜山竹中月
齵,卜山田中月
齶,卜山口口尸
齺,卜山心山山
齸,卜山廿金廿
齹,廿一卜一山
齻,卜山十月金
齾,卜大卜一山
龍,卜月卜尸心
龐,戈卜月心
龑,卜心一大
龒,卜心一一火
龔,卜心廿金
龕,人一口心
龘,卜心卜月心
龜,弓難山
龠,人一口月
龢,人月竹木
龤,人月心心日